URI,Label,Description,Type,EdgePropertyOf,SourceClass,TargetClass
http://www.w3.org/1999/02/22-rdf-syntax-ns#type,type,"Instance-of link. Concepts, property declarations and restrictions are typed owl:Class, owl:ObjectProperty, owl:Restriction and so on; the qualitative value individuals are typed with their *-Constant or UoM-* class.",Predicate,,,
http://www.w3.org/2000/01/rdf-schema#subClassOf,subclass of,"Links a concept to its necessary conditions. About 24,700 triples point straight at a named parent, but most biology concepts point to an anonymous owl:Class whose owl:intersectionOf list holds the named parent(s) and nested owl:Restriction blocks. Reach named parents with rdfs:subClassOf/(owl:intersectionOf/rdf:rest*/rdf:first)* and FILTER(isIRI(?parent)). 197 axioms run the other way, from an anonymous class to a named concept: these are sufficient conditions ('triggers'), meaning anything matching the description is an instance of that concept.",Predicate,,http://www.w3.org/2002/07/owl#Class,http://www.w3.org/2002/07/owl#Class
http://www.w3.org/2002/07/owl#intersectionOf,intersection of,Links an anonymous owl:Class to an RDF list (rdf:first/rdf:rest) of the classes and restrictions it conjoins. This is how each concept bundles its named parents with its relation axioms; the lists nest several levels deep.,Predicate,,http://www.w3.org/2002/07/owl#Class,
http://www.w3.org/2002/07/owl#unionOf,union of,Links an anonymous owl:Class to an RDF list of alternative classes. Rare: 14 uses.,Predicate,,http://www.w3.org/2002/07/owl#Class,
http://www.w3.org/1999/02/22-rdf-syntax-ns#first,first,"The member at the head of an RDF list, used to walk owl:intersectionOf and owl:unionOf lists.",Predicate,,,
http://www.w3.org/1999/02/22-rdf-syntax-ns#rest,rest,The remainder of an RDF list (rdf:nil at the end). Use rdf:rest*/rdf:first to enumerate every member.,Predicate,,,
http://www.w3.org/2002/07/owl#onProperty,on property,"The aura relation an owl:Restriction constrains, e.g. aura:has-part. This is the only place the roughly 280 aura relations appear: none of them is asserted as a direct subject-predicate-object triple.",Predicate,,http://www.w3.org/2002/07/owl#Restriction,http://www.w3.org/2002/07/owl#ObjectProperty
http://www.w3.org/2002/07/owl#someValuesFrom,some values from,"The filler of an existential restriction: every instance of the restricted concept has at least one value of the restricted relation drawn from this class. Usually an anonymous owl:Class wrapping a named class (and an aura:ID-N prototype marker), so follow it with (owl:intersectionOf/rdf:rest*/rdf:first)* and FILTER(isIRI(?filler)).",Predicate,,http://www.w3.org/2002/07/owl#Restriction,http://www.w3.org/2002/07/owl#Class
http://www.w3.org/2002/07/owl#hasValue,has value,The fixed value of a value restriction: a named individual (e.g. a *-Constant) or a literal such as a number or name string.,Predicate,,http://www.w3.org/2002/07/owl#Restriction,
http://www.w3.org/2002/07/owl#onClass,on class,The class a qualified cardinality restriction counts.,Predicate,,http://www.w3.org/2002/07/owl#Restriction,http://www.w3.org/2002/07/owl#Class
http://www.w3.org/2002/07/owl#qualifiedCardinality,qualified cardinality,Exact number of values of the restricted relation that belong to the owl:onClass class.,Predicate,,http://www.w3.org/2002/07/owl#Restriction,
http://www.w3.org/2002/07/owl#minQualifiedCardinality,min qualified cardinality,Minimum number of values of the restricted relation that belong to the owl:onClass class.,Predicate,,http://www.w3.org/2002/07/owl#Restriction,
http://www.w3.org/2002/07/owl#maxQualifiedCardinality,max qualified cardinality,Maximum number of values of the restricted relation that belong to the owl:onClass class.,Predicate,,http://www.w3.org/2002/07/owl#Restriction,
http://www.w3.org/2002/07/owl#disjointWith,disjoint with,"States that two named concepts share no instances, e.g. Mitochondrion is disjoint with Nucleus, Plastid and Vesicle.",Predicate,,http://www.w3.org/2002/07/owl#Class,http://www.w3.org/2002/07/owl#Class
http://www.w3.org/2000/01/rdf-schema#domain,domain,Declared domain class of an aura relation.,Predicate,,http://www.w3.org/2002/07/owl#ObjectProperty,http://www.w3.org/2002/07/owl#Class
http://www.w3.org/2000/01/rdf-schema#range,range,Declared range class of an aura relation.,Predicate,,http://www.w3.org/2002/07/owl#ObjectProperty,http://www.w3.org/2002/07/owl#Class
http://www.w3.org/2000/01/rdf-schema#subPropertyOf,subproperty of,"Declares an aura relation a specialisation of another, e.g. first-subevent is a subproperty of subevent.",Predicate,,http://www.w3.org/2002/07/owl#ObjectProperty,http://www.w3.org/2002/07/owl#ObjectProperty
http://www.w3.org/2002/07/owl#inverseOf,inverse of,Declares two aura relations inverses of each other (asserted for two pairs only; most inverses follow the X / X-of naming convention instead).,Predicate,,http://www.w3.org/2002/07/owl#ObjectProperty,http://www.w3.org/2002/07/owl#ObjectProperty
http://www.w3.org/2000/01/rdf-schema#comment,comment,"Used once, on the ontology header, for the Vulcan Inc. CC BY-NC-SA 3.0 licence notice. Concept definitions are in aura:description and aura:user-description instead.",Predicate,,http://www.w3.org/2002/07/owl#Ontology,
http://www.projecthalo.com/aura#user-description,user description,"Short textbook-style definition of a concept, written by the KB's biologist encoders. Present on about 5,700 concepts; the best source of a human-readable definition.",Predicate,,http://www.w3.org/2002/07/owl#Class,
http://www.projecthalo.com/aura#description,description,"Longer definition of a concept or relation, often quoting the source text (e.g. Alberts, Essential Cell Biology). Present on about 160 concepts; some values have their spaces stripped.",Predicate,,http://www.w3.org/2002/07/owl#Class,
http://www.projecthalo.com/aura#in-concept,in concept,"Links an aura:ID-N node-marker class to the concept in which that node was introduced (about 21,000 markers).",Predicate,,http://www.w3.org/2002/07/owl#Class,http://www.w3.org/2002/07/owl#Class
http://www.projecthalo.com/aura#prototype-node,prototype node,"The original AURA prototype-node identifier (a string such as ""_Energy-Transformation-by-Organism33214"") of an aura:ID-N marker class.",Predicate,,http://www.w3.org/2002/07/owl#Class,
http://www.projecthalo.com/aura#concept2words,concept to words,Lexicon annotation linking a concept to the words that name it. Declared in the schema but not populated in the current release.,Predicate,,,
http://www.projecthalo.com/aura#absorbance,absorbance,The property absorbance of a solution refers to the measure of the fraction of light absorbed through it. Functional. Declared in the schema but not populated in the current release.,Predicate,,http://www.projecthalo.com/aura#Solution,http://www.projecthalo.com/aura#Absorbance-Value
http://www.projecthalo.com/aura#abuts,abuts,"A thing or place is adjacent to another. Used only inside class axioms, as owl:onProperty of 312 owl:Restrictions; never asserted as a direct triple.",Predicate,,http://www.projecthalo.com/aura#Spatial-Entity,http://www.projecthalo.com/aura#Spatial-Entity
http://www.projecthalo.com/aura#acceleration,acceleration,The rate of change of velocity with respect to time. Functional. Declared in the schema but not populated in the current release.,Predicate,,http://www.projecthalo.com/aura#Event,http://www.projecthalo.com/aura#Acceleration-Magnitude-Value
http://www.projecthalo.com/aura#acceleration-magnitude,acceleration magnitude,The magnitude of acceleration for a vector. It can take both negative and positive values. Functional. Declared in the schema but not populated in the current release.,Predicate,,http://www.projecthalo.com/aura#Event,http://www.projecthalo.com/aura#Acceleration-Magnitude-Value
http://www.projecthalo.com/aura#acceptance,acceptance,"Acceptance refers to an attribute of knowledge for its acceptance or rejection by people. Functional. Used only inside class axioms, as owl:onProperty of 2 owl:Restrictions; never asserted as a direct triple.",Predicate,,http://www.projecthalo.com/aura#Information,http://www.projecthalo.com/aura#Acceptance-Value
http://www.projecthalo.com/aura#activation,activation,"Activation refers to the status of an entity for its ability to perform its primary function. Functional. Used only inside class axioms, as owl:onProperty of 82 owl:Restrictions; never asserted as a direct triple.",Predicate,,http://www.projecthalo.com/aura#Entity,http://www.projecthalo.com/aura#Activation-Value
http://www.projecthalo.com/aura#activation-of,activation of,"Inverse of activation: Activation refers to the status of an entity for its ability to perform its primary function. Used only inside class axioms, as owl:onProperty of 1 owl:Restriction; never asserted as a direct triple.",Predicate,,,
http://www.projecthalo.com/aura#age,age,"Age is a property for describing how long an Entity has existed. Functional. Used only inside class axioms, as owl:onProperty of 1 owl:Restriction; never asserted as a direct triple.",Predicate,,http://www.projecthalo.com/aura#Entity,http://www.projecthalo.com/aura#Duration-Value
http://www.projecthalo.com/aura#agent,agent,"The entity that initiates, performs or causes an event. The 'doer'. Used only inside class axioms, as owl:onProperty of 1,381 owl:Restrictions; never asserted as a direct triple.",Predicate,,http://www.projecthalo.com/aura#Event,http://www.projecthalo.com/aura#Entity
http://www.projecthalo.com/aura#agent-of,agent of,"Inverse of agent: The entity that initiates, performs or causes an event. The 'doer'. Used only inside class axioms, as owl:onProperty of 3,154 owl:Restrictions; never asserted as a direct triple.",Predicate,,,
http://www.projecthalo.com/aura#angle,angle,"The angle of a Spatial-Entity. Functional. Used only inside class axioms, as owl:onProperty of 1 owl:Restriction; never asserted as a direct triple.",Predicate,,http://www.projecthalo.com/aura#Spatial-Entity,http://www.projecthalo.com/aura#Angle-Value
http://www.projecthalo.com/aura#animacy,animacy,The animacy of an Entity. Functional. Declared in the schema but not populated in the current release.,Predicate,,http://www.projecthalo.com/aura#Entity,http://www.projecthalo.com/aura#Animacy-Value
http://www.projecthalo.com/aura#area,area,"Area is a property for describing how big the two-dimensional extent of a Tangible-Entity is. Functional. Used only inside class axioms, as owl:onProperty of 7 owl:Restrictions; never asserted as a direct triple.",Predicate,,http://www.projecthalo.com/aura#Spatial-Entity,http://www.projecthalo.com/aura#Area-Value
http://www.projecthalo.com/aura#area-of,area of,"Inverse of area: Area is a property for describing how big the two-dimensional extent of a Tangible-Entity is. Used only inside class axioms, as owl:onProperty of 1 owl:Restriction; never asserted as a direct triple.",Predicate,,,
http://www.projecthalo.com/aura#atomic-mass,atomic mass,"Atomic mass is the sum of the masses of the protons, neutrons and electrons in a specific isotope of an atom, measured in daltons. Because the mass of an electron is very small and does not contribute much to the overall mass of an atom, the atomic mass number is a close approximation of the actual mass of an atom. Declared in the schema but not populated in the current release.",Predicate,,http://www.projecthalo.com/aura#Isotope,http://www.projecthalo.com/aura#Mass-Value
http://www.projecthalo.com/aura#atomic-number,atomic number,"The number of protons in a nucleus. It determines the chemical properties of an element. Functional. Used only inside class axioms, as owl:onProperty of 198 owl:Restrictions; never asserted as a direct triple.",Predicate,,http://www.projecthalo.com/aura#Atom,http://www.projecthalo.com/aura#Atomic-Number-Value
http://www.projecthalo.com/aura#atomic-number-of,atomic number of,"Inverse of atomic-number: The number of protons in a nucleus. It determines the chemical properties of an element. Used only inside class axioms, as owl:onProperty of 3 owl:Restrictions; never asserted as a direct triple.",Predicate,,,
http://www.projecthalo.com/aura#atomic-symbol,atomic symbol,"Datatype property, functional. Declared in the schema but not populated in the current release.",Predicate,,http://www.projecthalo.com/aura#Atom,
http://www.projecthalo.com/aura#atomic-weight,atomic weight,"The mass of a neutral atom of a nuclide. The atomic weight of an atom is the weight of the atom based on a scale where 12C = 12. The atomic weight of an element is the weighted average of each isotope. Functional. Used only inside class axioms, as owl:onProperty of 130 owl:Restrictions; never asserted as a direct triple.",Predicate,,http://www.projecthalo.com/aura#Atom,http://www.projecthalo.com/aura#Atomic-Weight-Value
http://www.projecthalo.com/aura#away-from,away from,"Event transpires away from some place but did not necessarily start there. Functional. Used only inside class axioms, as owl:onProperty of 8 owl:Restrictions; never asserted as a direct triple.",Predicate,,http://www.projecthalo.com/aura#Event,http://www.projecthalo.com/aura#Spatial-Entity
http://www.projecthalo.com/aura#away-from-of,away from of,"Inverse of away-from: Event transpires away from some place but did not necessarily start there. Used only inside class axioms, as owl:onProperty of 9 owl:Restrictions; never asserted as a direct triple.",Predicate,,,
http://www.projecthalo.com/aura#base,base,"Event references something as a major or relatively fixed thing. Used only inside class axioms, as owl:onProperty of 1,138 owl:Restrictions; never asserted as a direct triple.",Predicate,,,http://www.projecthalo.com/aura#Entity
http://www.projecthalo.com/aura#base-of,base of,"Inverse of base: Event references something as a major or relatively fixed thing. Used only inside class axioms, as owl:onProperty of 1,858 owl:Restrictions; never asserted as a direct triple.",Predicate,,,
http://www.projecthalo.com/aura#beneficiary,beneficiary,"Entity benefits from Event. Used only inside class axioms, as owl:onProperty of 14 owl:Restrictions; never asserted as a direct triple.",Predicate,,http://www.projecthalo.com/aura#Event,http://www.projecthalo.com/aura#Living-Entity
http://www.projecthalo.com/aura#beneficiary-of,beneficiary of,"Inverse of beneficiary: Entity benefits from Event. Used only inside class axioms, as owl:onProperty of 10 owl:Restrictions; never asserted as a direct triple.",Predicate,,,
http://www.projecthalo.com/aura#breakability,breakability,The breakability of an Entity. Functional. Declared in the schema but not populated in the current release.,Predicate,,http://www.projecthalo.com/aura#Tangible-Entity,http://www.projecthalo.com/aura#Breakability-Value
http://www.projecthalo.com/aura#brightness,brightness,The brightness of a Tangible-Entity. Functional. Declared in the schema but not populated in the current release.,Predicate,,http://www.projecthalo.com/aura#Tangible-Entity,http://www.projecthalo.com/aura#Brightness-Value
http://www.projecthalo.com/aura#by-means-of,by means of,"An Event is instrumental in achieving another Event. Used only inside class axioms, as owl:onProperty of 198 owl:Restrictions; never asserted as a direct triple.",Predicate,,http://www.projecthalo.com/aura#Event,http://www.projecthalo.com/aura#Event
http://www.projecthalo.com/aura#by-means-of-trans,by means of trans,Transitive form of by-means-of: An Event is instrumental in achieving another Event. Transitive. Declared in the schema but not populated in the current release.,Predicate,,,
http://www.projecthalo.com/aura#called,called,"A name string attached to a prototype node, e.g. ""Atomic_Number"" or ""MP1"". Datatype property, functional. Used only inside class axioms, as owl:onProperty of 1,360 owl:Restrictions; never asserted as a direct triple.",Predicate,,,
http://www.projecthalo.com/aura#capacity,capacity,The capacity (potential for storing or accomodating) of a Tangible-Entity. Functional. Declared in the schema but not populated in the current release.,Predicate,,http://www.projecthalo.com/aura#Spatial-Entity,http://www.projecthalo.com/aura#Capacity-Value
http://www.projecthalo.com/aura#cardinal-unit-class,cardinal unit class,"The unit of a quantitative property value: a unit-of-measurement individual such as aura:dalton, aura:nanometer or aura:unity. Used only inside class axioms, as owl:onProperty of 921 owl:Restrictions; never asserted as a direct triple.",Predicate,,http://www.projecthalo.com/aura#Cardinal-Property-Value,http://www.projecthalo.com/aura#Unit-of-Measurement
http://www.projecthalo.com/aura#caused-by,caused by,"Inverse of causes: An Event causes another Event. Used only inside class axioms, as owl:onProperty of 223 owl:Restrictions; never asserted as a direct triple.",Predicate,,,
http://www.projecthalo.com/aura#causes,causes,"An Event causes another Event. Used only inside class axioms, as owl:onProperty of 346 owl:Restrictions; never asserted as a direct triple.",Predicate,,http://www.projecthalo.com/aura#Event,http://www.projecthalo.com/aura#Event
http://www.projecthalo.com/aura#causes-trans,causes trans,Transitive form of causes: An Event causes another Event. Transitive. Declared in the schema but not populated in the current release.,Predicate,,,
http://www.projecthalo.com/aura#charge,charge,"Refers to charge of an ion. Specifically, the charge on an ion is equal to a constant charge e multiplied by an integer from 1 to 15. Functional. Used only inside class axioms, as owl:onProperty of 72 owl:Restrictions; never asserted as a direct triple.",Predicate,,http://www.projecthalo.com/aura#Spatial-Entity,http://www.projecthalo.com/aura#Charge-Value
http://www.projecthalo.com/aura#charge-of,charge of,"Inverse of charge: Refers to charge of an ion. Specifically, the charge on an ion is equal to a constant charge e multiplied by an integer from 1 to 15. Used only inside class axioms, as owl:onProperty of 8 owl:Restrictions; never asserted as a direct triple.",Predicate,,,
http://www.projecthalo.com/aura#chemical-polarity,chemical polarity,"Functional. Used only inside class axioms, as owl:onProperty of 2 owl:Restrictions; never asserted as a direct triple.",Predicate,,http://www.projecthalo.com/aura#Tangible-Entity,http://www.projecthalo.com/aura#Chemical-Polarity-Value
http://www.projecthalo.com/aura#chemical-stability,chemical stability,"Functional. Used only inside class axioms, as owl:onProperty of 8 owl:Restrictions; never asserted as a direct triple.",Predicate,,http://www.projecthalo.com/aura#Tangible-Entity,http://www.projecthalo.com/aura#Chemical-Stability-Value
http://www.projecthalo.com/aura#circumference,circumference,The external boundary or surface of a Spatial-Entity. Functional. Declared in the schema but not populated in the current release.,Predicate,,http://www.projecthalo.com/aura#Spatial-Entity,http://www.projecthalo.com/aura#Length-Value
http://www.projecthalo.com/aura#coefficient,coefficient,"A quantity (usually a numerical constant) which is multiplied by another quantity following it in an expression; e.g. in the algebraic expression 4 x 2 - 6 x, the coefficient of (the first term) x 2 is 4 and the coefficient of (the second term) x is -6. Functional. Declared in the schema but not populated in the current release.",Predicate,,http://www.projecthalo.com/aura#Chemical,http://www.projecthalo.com/aura#Coefficient-Value
http://www.projecthalo.com/aura#color,color,"Color is a property for describing a Tangible-Entity's colors. Functional. Used only inside class axioms, as owl:onProperty of 23 owl:Restrictions; never asserted as a direct triple.",Predicate,,http://www.projecthalo.com/aura#Spatial-Entity,http://www.projecthalo.com/aura#Color-Value
http://www.projecthalo.com/aura#color-of,color of,"Inverse of color: Color is a property for describing a Tangible-Entity's colors. Used only inside class axioms, as owl:onProperty of 1 owl:Restriction; never asserted as a direct triple.",Predicate,,,
http://www.projecthalo.com/aura#complement,complement,"An Entity has a complement another Entity. Used only inside class axioms, as owl:onProperty of 132 owl:Restrictions; never asserted as a direct triple.",Predicate,,http://www.projecthalo.com/aura#Spatial-Entity,http://www.projecthalo.com/aura#Spatial-Entity
http://www.projecthalo.com/aura#concentration,concentration,"The amount of a substance that is contained in a defined space. Functional. Used only inside class axioms, as owl:onProperty of 44 owl:Restrictions; never asserted as a direct triple.",Predicate,,http://www.projecthalo.com/aura#Tangible-Entity,http://www.projecthalo.com/aura#Concentration-Value
http://www.projecthalo.com/aura#concentration-of,concentration of,"Inverse of concentration: The amount of a substance that is contained in a defined space. Used only inside class axioms, as owl:onProperty of 30 owl:Restrictions; never asserted as a direct triple.",Predicate,,,
http://www.projecthalo.com/aura#conductivity,conductivity,"A measure of the resistance of water to electrical flow; this resistance is a direct measure of the salinity of water, and it can be measured accurately with a conductivity sensor. Functional. Used only inside class axioms, as owl:onProperty of 2 owl:Restrictions; never asserted as a direct triple.",Predicate,,http://www.projecthalo.com/aura#Chemical,http://www.projecthalo.com/aura#Conductivity-Value
http://www.projecthalo.com/aura#consistency,consistency,"The degree of firmness, density, viscosity, or resistance to movement or separation of constituent particles. Functional. Used only inside class axioms, as owl:onProperty of 10 owl:Restrictions; never asserted as a direct triple.",Predicate,,http://www.projecthalo.com/aura#Tangible-Entity,http://www.projecthalo.com/aura#Consistency-Value
http://www.projecthalo.com/aura#correspondence,correspondence,"A qualitative relation describing a vague notion that the first value has an impact on the second value but we aren't sure how it impacts. Used only inside class axioms, as owl:onProperty of 55 owl:Restrictions; never asserted as a direct triple.",Predicate,,http://www.projecthalo.com/aura#Property-Value,http://www.projecthalo.com/aura#Property-Value
http://www.projecthalo.com/aura#correspondence-of,correspondence of,"Inverse of correspondence: A qualitative relation describing a vague notion that the first value has an impact on the second value but we aren't sure how it impacts. Used only inside class axioms, as owl:onProperty of 45 owl:Restrictions; never asserted as a direct triple.",Predicate,,,
http://www.projecthalo.com/aura#default-ka,default ka,"Default ka value, where Ka is a quantitative descriptor for describing the strength of acids. Functional. Used only inside class axioms, as owl:onProperty of 1 owl:Restriction; never asserted as a direct triple.",Predicate,,http://www.projecthalo.com/aura#Acid-Role,http://www.projecthalo.com/aura#Equilibrium-Constant-Value
http://www.projecthalo.com/aura#default-kb,default kb,"Default kb value, where Kb is a quantitative descriptor for describing the strength of bases. Functional. Used only inside class axioms, as owl:onProperty of 1 owl:Restriction; never asserted as a direct triple.",Predicate,,http://www.projecthalo.com/aura#Base-Role,http://www.projecthalo.com/aura#Equilibrium-Constant-Value
http://www.projecthalo.com/aura#density,density,"The quantity per unit volume, unit area, or unit length. Functional. Used only inside class axioms, as owl:onProperty of 39 owl:Restrictions; never asserted as a direct triple.",Predicate,,http://www.projecthalo.com/aura#Tangible-Entity,http://www.projecthalo.com/aura#Density-Value
http://www.projecthalo.com/aura#density-of,density of,"Inverse of density: The quantity per unit volume, unit area, or unit length. Used only inside class axioms, as owl:onProperty of 5 owl:Restrictions; never asserted as a direct triple.",Predicate,,,
http://www.projecthalo.com/aura#depth,depth,"The perpendicular measurement downward from a surface or the direct linear measurement from front to back. Functional. Used only inside class axioms, as owl:onProperty of 2 owl:Restrictions; never asserted as a direct triple.",Predicate,,http://www.projecthalo.com/aura#Spatial-Entity,http://www.projecthalo.com/aura#Length-Value
http://www.projecthalo.com/aura#destination,destination,"When an entity moves, the destination is where it ends up. Functional. Used only inside class axioms, as owl:onProperty of 274 owl:Restrictions; never asserted as a direct triple.",Predicate,,http://www.projecthalo.com/aura#Event,http://www.projecthalo.com/aura#Spatial-Entity
http://www.projecthalo.com/aura#destination-of,destination of,"Inverse of destination: When an entity moves, the destination is where it ends up. Used only inside class axioms, as owl:onProperty of 143 owl:Restrictions; never asserted as a direct triple.",Predicate,,,
http://www.projecthalo.com/aura#diameter,diameter,"The length of a straight line through the center of a Spatial-Entity. Functional. Used only inside class axioms, as owl:onProperty of 19 owl:Restrictions; never asserted as a direct triple.",Predicate,,http://www.projecthalo.com/aura#Spatial-Entity,http://www.projecthalo.com/aura#Length-Value
http://www.projecthalo.com/aura#different-type,different type,"A relation showing that a Thing is different type than another Thing. Used only inside class axioms, as owl:onProperty of 16 owl:Restrictions; never asserted as a direct triple.",Predicate,,http://www.projecthalo.com/aura#Thing,http://www.projecthalo.com/aura#Thing
http://www.projecthalo.com/aura#dimension,dimension,Any entity that exists in physical space has existance in certain dimensions. Functional. Declared in the schema but not populated in the current release.,Predicate,,http://www.projecthalo.com/aura#Spatial-Entity,http://www.projecthalo.com/aura#Dimension-Value
http://www.projecthalo.com/aura#direction,direction,"The angle of direction of an Event. Functional. Used only inside class axioms, as owl:onProperty of 21 owl:Restrictions; never asserted as a direct triple.",Predicate,,http://www.projecthalo.com/aura#Event,http://www.projecthalo.com/aura#Angle-Value
http://www.projecthalo.com/aura#directly-proportional,directly proportional,"A qualitative relation describing the relationship between two property values such that the second value is directly proportional to the first value. Used only inside class axioms, as owl:onProperty of 214 owl:Restrictions; never asserted as a direct triple.",Predicate,,http://www.projecthalo.com/aura#Property-Value,http://www.projecthalo.com/aura#Property-Value
http://www.projecthalo.com/aura#directly-proportional-of,directly proportional of,"Inverse of directly-proportional: A qualitative relation describing the relationship between two property values such that the second value is directly proportional to the first value. Used only inside class axioms, as owl:onProperty of 323 owl:Restrictions; never asserted as a direct triple.",Predicate,,,
http://www.projecthalo.com/aura#distance,distance,"The degree or amount of separation between two Spatial-Entities. Functional. Used only inside class axioms, as owl:onProperty of 12 owl:Restrictions; never asserted as a direct triple.",Predicate,,http://www.projecthalo.com/aura#Event,http://www.projecthalo.com/aura#Length-Value
http://www.projecthalo.com/aura#does-not-enclose,does not enclose,"Used only inside class axioms, as owl:onProperty of 370 owl:Restrictions; never asserted as a direct triple.",Predicate,,,
http://www.projecthalo.com/aura#donor,donor,"Entity releases object of Event (possibly unintentionally). Used only inside class axioms, as owl:onProperty of 115 owl:Restrictions; never asserted as a direct triple.",Predicate,,http://www.projecthalo.com/aura#Event,http://www.projecthalo.com/aura#Entity
http://www.projecthalo.com/aura#donor-of,donor of,"Inverse of donor: Entity releases object of Event (possibly unintentionally). Used only inside class axioms, as owl:onProperty of 217 owl:Restrictions; never asserted as a direct triple.",Predicate,,,
http://www.projecthalo.com/aura#duration,duration,"Duration of an Event of Time-Interval. Functional. Used only inside class axioms, as owl:onProperty of 14 owl:Restrictions; never asserted as a direct triple.",Predicate,,,http://www.projecthalo.com/aura#Duration-Value
http://www.projecthalo.com/aura#during,during,"An event occurs during another, but is not a step of the other event. Declared in the schema but not populated in the current release.",Predicate,,http://www.projecthalo.com/aura#Event,http://www.projecthalo.com/aura#Event
http://www.projecthalo.com/aura#electrolyte-status,electrolyte status,"The degree of ionization for a solution, e.g. non-electrolyte, weak-electrolyte, or strong-electrolyte. Functional. Used only inside class axioms, as owl:onProperty of 3 owl:Restrictions; never asserted as a direct triple.",Predicate,,http://www.projecthalo.com/aura#Chemical,http://www.projecthalo.com/aura#Electrolyte-Status-Value
http://www.projecthalo.com/aura#electronegativity,electronegativity,"Electronegativity is the strength of attraction of a particular atom for electrons of a covalent bond. Functional. Used only inside class axioms, as owl:onProperty of 265 owl:Restrictions; never asserted as a direct triple.",Predicate,,http://www.projecthalo.com/aura#Atom,http://www.projecthalo.com/aura#Electronegativity-Value
http://www.projecthalo.com/aura#electronegativity-of,electronegativity of,"Inverse of electronegativity: Electronegativity is the strength of attraction of a particular atom for electrons of a covalent bond. Used only inside class axioms, as owl:onProperty of 67 owl:Restrictions; never asserted as a direct triple.",Predicate,,,
http://www.projecthalo.com/aura#element,element,"The Entities that make up an Aggregate. Used only inside class axioms, as owl:onProperty of 885 owl:Restrictions; never asserted as a direct triple.",Predicate,,http://www.projecthalo.com/aura#Entity,http://www.projecthalo.com/aura#Entity
http://www.projecthalo.com/aura#element-of,element of,"Inverse of element: The Entities that make up an Aggregate. Used only inside class axioms, as owl:onProperty of 190 owl:Restrictions; never asserted as a direct triple.",Predicate,,,
http://www.projecthalo.com/aura#element-trans,element trans,Transitive form of element: The Entities that make up an Aggregate. Transitive. Declared in the schema but not populated in the current release.,Predicate,,,
http://www.projecthalo.com/aura#enabled-by,enabled by,"Inverse of enables: An Event facilitates another Event, but is not sufficient to cause it. Used only inside class axioms, as owl:onProperty of 146 owl:Restrictions; never asserted as a direct triple.",Predicate,,,
http://www.projecthalo.com/aura#enables,enables,"An Event facilitates another Event, but is not sufficient to cause it. Used only inside class axioms, as owl:onProperty of 137 owl:Restrictions; never asserted as a direct triple.",Predicate,,http://www.projecthalo.com/aura#Event,http://www.projecthalo.com/aura#Event
http://www.projecthalo.com/aura#enables-trans,enables trans,"Transitive form of enables: An Event facilitates another Event, but is not sufficient to cause it. Transitive. Declared in the schema but not populated in the current release.",Predicate,,,
http://www.projecthalo.com/aura#encloses,encloses,"Used only inside class axioms, as owl:onProperty of 1,959 owl:Restrictions; never asserted as a direct triple.",Predicate,,,
http://www.projecthalo.com/aura#equation,equation,"Used only inside class axioms, as owl:onProperty of 11 owl:Restrictions; never asserted as a direct triple.",Predicate,,,
http://www.projecthalo.com/aura#equation-of,equation of,"Used only inside class axioms, as owl:onProperty of 83 owl:Restrictions; never asserted as a direct triple.",Predicate,,,
http://www.projecthalo.com/aura#equation-uses,equation uses,"Used only inside class axioms, as owl:onProperty of 104 owl:Restrictions; never asserted as a direct triple.",Predicate,,,
http://www.projecthalo.com/aura#equilibrium-concentration,equilibrium concentration,"The thermodynamic state when the fugacity between two phases is equal, or when the free energy of the system is zero; the condition when the concentration in one phase is at the same chemical activity as that in the surrounding phases. Functional. Declared in the schema but not populated in the current release.",Predicate,,http://www.projecthalo.com/aura#Chemical,http://www.projecthalo.com/aura#Concentration-Value
http://www.projecthalo.com/aura#experiencer,experiencer,"Entity experiences Event. Used only inside class axioms, as owl:onProperty of 93 owl:Restrictions; never asserted as a direct triple.",Predicate,,http://www.projecthalo.com/aura#Event,http://www.projecthalo.com/aura#Entity
http://www.projecthalo.com/aura#experiencer-of,experiencer of,"Inverse of experiencer: Entity experiences Event. Used only inside class axioms, as owl:onProperty of 31 owl:Restrictions; never asserted as a direct triple.",Predicate,,,
http://www.projecthalo.com/aura#facilitates,facilitates,"A facilitates relation shows that a particular part/region of an entity facilititates its function. Used only inside class axioms, as owl:onProperty of 109 owl:Restrictions; never asserted as a direct triple.",Predicate,,http://www.projecthalo.com/aura#Entity,http://www.projecthalo.com/aura#Event
http://www.projecthalo.com/aura#facilitates-of,facilitates of,"Inverse of facilitates: A facilitates relation shows that a particular part/region of an entity facilititates its function. Used only inside class axioms, as owl:onProperty of 152 owl:Restrictions; never asserted as a direct triple.",Predicate,,,
http://www.projecthalo.com/aura#fertility,fertility,"The property fertility of any organism refers to its ability to produce its offspring. Functional. Used only inside class axioms, as owl:onProperty of 2 owl:Restrictions; never asserted as a direct triple.",Predicate,,http://www.projecthalo.com/aura#Organism,http://www.projecthalo.com/aura#Fertility-Value
http://www.projecthalo.com/aura#first-element,first element,"The first Entity of an ordered Aggregate. Used only inside class axioms, as owl:onProperty of 50 owl:Restrictions; never asserted as a direct triple.",Predicate,,,http://www.projecthalo.com/aura#Entity
http://www.projecthalo.com/aura#first-element-of,first element of,"Inverse of first-element: The first Entity of an ordered Aggregate. Used only inside class axioms, as owl:onProperty of 3 owl:Restrictions; never asserted as a direct triple.",Predicate,,,
http://www.projecthalo.com/aura#first-element-trans,first element trans,Transitive form of first-element: The first Entity of an ordered Aggregate. Transitive. Declared in the schema but not populated in the current release.,Predicate,,,
http://www.projecthalo.com/aura#first-subevent,first subevent,"The first Event of a series of Events. Subproperty of subevent. Used only inside class axioms, as owl:onProperty of 504 owl:Restrictions; never asserted as a direct triple.",Predicate,,http://www.projecthalo.com/aura#Event,http://www.projecthalo.com/aura#Event
http://www.projecthalo.com/aura#first-subevent-of,first subevent of,"Inverse of first-subevent: The first Event of a series of Events. Used only inside class axioms, as owl:onProperty of 86 owl:Restrictions; never asserted as a direct triple.",Predicate,,,
http://www.projecthalo.com/aura#flexibility,flexibility,"Flexibility of a thing refers to its tendency to change its shape. Functional. Used only inside class axioms, as owl:onProperty of 3 owl:Restrictions; never asserted as a direct triple.",Predicate,,http://www.projecthalo.com/aura#Tangible-Entity,http://www.projecthalo.com/aura#Flexibility-Value
http://www.projecthalo.com/aura#fluidity,fluidity,"Property indicating relative ease of molecules associated with an object to freely move past one another. Fluidityofagasorliquidishigherthanfluidityofasolid. Functional. Used only inside class axioms, as owl:onProperty of 21 owl:Restrictions; never asserted as a direct triple.",Predicate,,http://www.projecthalo.com/aura#Tangible-Entity,http://www.projecthalo.com/aura#Fluidity-Value
http://www.projecthalo.com/aura#free-energy-change,free energy change,"Functional. Used only inside class axioms, as owl:onProperty of 20 owl:Restrictions; never asserted as a direct triple.",Predicate,,http://www.projecthalo.com/aura#Event,http://www.projecthalo.com/aura#Free-Energy-Change-Value
http://www.projecthalo.com/aura#frequency,frequency,"The rate of repetition of an Event. Functional. Used only inside class axioms, as owl:onProperty of 12 owl:Restrictions; never asserted as a direct triple.",Predicate,,http://www.projecthalo.com/aura#Event,http://www.projecthalo.com/aura#Frequency-Value
http://www.projecthalo.com/aura#from-value,from value,"Functional. Used only inside class axioms, as owl:onProperty of 71 owl:Restrictions; never asserted as a direct triple.",Predicate,,,http://www.projecthalo.com/aura#Property-Value
http://www.projecthalo.com/aura#from-value-of,from value of,"Used only inside class axioms, as owl:onProperty of 36 owl:Restrictions; never asserted as a direct triple.",Predicate,,,
http://www.projecthalo.com/aura#greater-than,greater than,"A Property-Value that is greater than another. Used only inside class axioms, as owl:onProperty of 332 owl:Restrictions; never asserted as a direct triple.",Predicate,,http://www.projecthalo.com/aura#Property-Value,http://www.projecthalo.com/aura#Property-Value
http://www.projecthalo.com/aura#greater-than-or-equal-to,greater than or equal to,"Used only inside class axioms, as owl:onProperty of 92 owl:Restrictions; never asserted as a direct triple.",Predicate,,http://www.projecthalo.com/aura#Property-Value,http://www.projecthalo.com/aura#Property-Value
http://www.projecthalo.com/aura#has-atom,has atom,"Used only inside class axioms, as owl:onProperty of 111 owl:Restrictions; never asserted as a direct triple.",Predicate,,http://www.projecthalo.com/aura#Chemical-Entity,http://www.projecthalo.com/aura#Atom
http://www.projecthalo.com/aura#has-function,has function,"A relation from an entity to its functions. Used only inside class axioms, as owl:onProperty of 1,364 owl:Restrictions; never asserted as a direct triple.",Predicate,,http://www.projecthalo.com/aura#Entity,http://www.projecthalo.com/aura#Event
http://www.projecthalo.com/aura#has-goal,has goal,"The goal of an Entity. Used only inside class axioms, as owl:onProperty of 12 owl:Restrictions; never asserted as a direct triple.",Predicate,,http://www.projecthalo.com/aura#Entity,http://www.projecthalo.com/aura#Event
http://www.projecthalo.com/aura#has-habitat,has habitat,"The habitat is an entity at which an organism exists. Used only inside class axioms, as owl:onProperty of 2 owl:Restrictions; never asserted as a direct triple.",Predicate,,http://www.projecthalo.com/aura#Organism,http://www.projecthalo.com/aura#Spatial-Entity
http://www.projecthalo.com/aura#has-ion,has ion,"Used only inside class axioms, as owl:onProperty of 7 owl:Restrictions; never asserted as a direct triple.",Predicate,,http://www.projecthalo.com/aura#Chemical-Entity,http://www.projecthalo.com/aura#Ion
http://www.projecthalo.com/aura#has-isomer,has isomer,"A relation relating two molecules as isomers. Subproperty of has-state. Used only inside class axioms, as owl:onProperty of 12 owl:Restrictions; never asserted as a direct triple.",Predicate,,http://www.projecthalo.com/aura#Chemical-Entity,http://www.projecthalo.com/aura#Chemical-Entity
http://www.projecthalo.com/aura#has-isotope,has isotope,Declared in the schema but not populated in the current release.,Predicate,,http://www.projecthalo.com/aura#Atom,http://www.projecthalo.com/aura#Atom
http://www.projecthalo.com/aura#has-on-it,has on it,"Used only inside class axioms, as owl:onProperty of 2 owl:Restrictions; never asserted as a direct triple.",Predicate,,,
http://www.projecthalo.com/aura#has-oxidized-form,has oxidized form,"The has-oxidized-form relation relates a chemical entity with its oxidized state. Subproperty of has-state. Used only inside class axioms, as owl:onProperty of 14 owl:Restrictions; never asserted as a direct triple.",Predicate,,http://www.projecthalo.com/aura#Chemical-Entity,http://www.projecthalo.com/aura#Chemical-Entity
http://www.projecthalo.com/aura#has-part,has part,"The parts that comprise a whole. Used only inside class axioms, as owl:onProperty of 7,975 owl:Restrictions; never asserted as a direct triple.",Predicate,,http://www.projecthalo.com/aura#Tangible-Entity,http://www.projecthalo.com/aura#Tangible-Entity
http://www.projecthalo.com/aura#has-reduced-form,has reduced form,"The has-reduced-form relation relates a chemical entity with its reduced state. Subproperty of has-state. Used only inside class axioms, as owl:onProperty of 19 owl:Restrictions; never asserted as a direct triple.",Predicate,,http://www.projecthalo.com/aura#Chemical-Entity,http://www.projecthalo.com/aura#Chemical-Entity
http://www.projecthalo.com/aura#has-region,has region,"Tangible-Entity has the Spatial-Entity as its subregion. Used only inside class axioms, as owl:onProperty of 3,476 owl:Restrictions; never asserted as a direct triple.",Predicate,,http://www.projecthalo.com/aura#Spatial-Entity,http://www.projecthalo.com/aura#Region
http://www.projecthalo.com/aura#has-region-trans,has region trans,Transitive form of has-region: Tangible-Entity has the Spatial-Entity as its subregion. Transitive. Declared in the schema but not populated in the current release.,Predicate,,,
http://www.projecthalo.com/aura#has-solute,has solute,"Used only inside class axioms, as owl:onProperty of 80 owl:Restrictions; never asserted as a direct triple.",Predicate,,http://www.projecthalo.com/aura#Solution,http://www.projecthalo.com/aura#Substance
http://www.projecthalo.com/aura#has-solvent,has solvent,"Used only inside class axioms, as owl:onProperty of 59 owl:Restrictions; never asserted as a direct triple.",Predicate,,http://www.projecthalo.com/aura#Solution,http://www.projecthalo.com/aura#Substance
http://www.projecthalo.com/aura#has-state,has state,"Used only inside class axioms, as owl:onProperty of 284 owl:Restrictions; never asserted as a direct triple.",Predicate,,http://www.projecthalo.com/aura#Spatial-Entity,http://www.projecthalo.com/aura#Spatial-Entity
http://www.projecthalo.com/aura#heat-of-vaporization,heat of vaporization,"Heat of vaporization of a liquid substance refers to the amount of heat that must be provided to one gram of that substance to vaporize. Functional. Used only inside class axioms, as owl:onProperty of 4 owl:Restrictions; never asserted as a direct triple.",Predicate,,http://www.projecthalo.com/aura#Liquid-Substance,http://www.projecthalo.com/aura#Heat-of-Vaporization-Value
http://www.projecthalo.com/aura#height,height,"Height is a property for describing how big the vertical distance between the top and bottom of a Spatial-Entity is. Functional. Used only inside class axioms, as owl:onProperty of 10 owl:Restrictions; never asserted as a direct triple.",Predicate,,http://www.projecthalo.com/aura#Spatial-Entity,http://www.projecthalo.com/aura#Length-Value
http://www.projecthalo.com/aura#humidity,humidity,Humidity of air refers to the amount of moisture present in the air. Functional. Declared in the schema but not populated in the current release.,Predicate,,http://www.projecthalo.com/aura#Air,http://www.projecthalo.com/aura#Humidity-Value
http://www.projecthalo.com/aura#importance,importance,"The degree of prominence or noteworthiness possessed by a thing. Functional. Used only inside class axioms, as owl:onProperty of 24 owl:Restrictions; never asserted as a direct triple.",Predicate,,http://www.projecthalo.com/aura#Thing,http://www.projecthalo.com/aura#Unitless-Value
http://www.projecthalo.com/aura#in-event,in event,"The entity that plays this Role participates in Event. Functional. Used only inside class axioms, as owl:onProperty of 178 owl:Restrictions; never asserted as a direct triple.",Predicate,,http://www.projecthalo.com/aura#Role,http://www.projecthalo.com/aura#Event
http://www.projecthalo.com/aura#in-event-of,in event of,"Inverse of in-event: The entity that plays this Role participates in Event. Used only inside class axioms, as owl:onProperty of 633 owl:Restrictions; never asserted as a direct triple.",Predicate,,,
http://www.projecthalo.com/aura#in-organization,in organization,Relates a Role to an Organization in which that Role is present. Functional. Declared in the schema but not populated in the current release.,Predicate,,http://www.projecthalo.com/aura#Role,http://www.projecthalo.com/aura#Organization
http://www.projecthalo.com/aura#information-content,information content,"The content of the Information. Used only inside class axioms, as owl:onProperty of 28 owl:Restrictions; never asserted as a direct triple.",Predicate,,http://www.projecthalo.com/aura#Conceptual-Entity,http://www.projecthalo.com/aura#Thing
http://www.projecthalo.com/aura#information-content-of,information content of,"Inverse of information-content: The content of the Information. Used only inside class axioms, as owl:onProperty of 5 owl:Restrictions; never asserted as a direct triple.",Predicate,,,
http://www.projecthalo.com/aura#inhibited-by,inhibited by,"Inverse of inhibits: An Event inhibits another Event but is insufficient to prevent it. Used only inside class axioms, as owl:onProperty of 8 owl:Restrictions; never asserted as a direct triple.",Predicate,,,
http://www.projecthalo.com/aura#inhibits,inhibits,"An Event inhibits another Event but is insufficient to prevent it. Used only inside class axioms, as owl:onProperty of 57 owl:Restrictions; never asserted as a direct triple.",Predicate,,http://www.projecthalo.com/aura#Event,http://www.projecthalo.com/aura#Event
http://www.projecthalo.com/aura#instrument,instrument,"The entity that is used (by the agent if there is one) to perform an event. Used only inside class axioms, as owl:onProperty of 230 owl:Restrictions; never asserted as a direct triple.",Predicate,,http://www.projecthalo.com/aura#Event,http://www.projecthalo.com/aura#Entity
http://www.projecthalo.com/aura#instrument-of,instrument of,"Inverse of instrument: The entity that is used (by the agent if there is one) to perform an event. Used only inside class axioms, as owl:onProperty of 215 owl:Restrictions; never asserted as a direct triple.",Predicate,,,
http://www.projecthalo.com/aura#integrity,integrity,An undivided or unbroken completeness or totality with nothing wanting. Functional. Declared in the schema but not populated in the current release.,Predicate,,http://www.projecthalo.com/aura#Tangible-Entity,http://www.projecthalo.com/aura#Integrity-Value
http://www.projecthalo.com/aura#intensity,intensity,"The intensity of a Thing. Functional. Used only inside class axioms, as owl:onProperty of 2 owl:Restrictions; never asserted as a direct triple.",Predicate,,http://www.projecthalo.com/aura#Thing,http://www.projecthalo.com/aura#Intensity-Value
http://www.projecthalo.com/aura#inversely-proportional,inversely proportional,"A qualitative relation describing the relationship between two property values such that the second value is inversely proportional to the first value. Used only inside class axioms, as owl:onProperty of 14 owl:Restrictions; never asserted as a direct triple.",Predicate,,http://www.projecthalo.com/aura#Property-Value,http://www.projecthalo.com/aura#Property-Value
http://www.projecthalo.com/aura#inversely-proportional-of,inversely proportional of,"Inverse of inversely-proportional: A qualitative relation describing the relationship between two property values such that the second value is inversely proportional to the first value. Used only inside class axioms, as owl:onProperty of 24 owl:Restrictions; never asserted as a direct triple.",Predicate,,,
http://www.projecthalo.com/aura#is-above,is above,"An object or place is situated in a higer place then another. Used only inside class axioms, as owl:onProperty of 30 owl:Restrictions; never asserted as a direct triple.",Predicate,,http://www.projecthalo.com/aura#Spatial-Entity,http://www.projecthalo.com/aura#Spatial-Entity
http://www.projecthalo.com/aura#is-above-trans,is above trans,Transitive form of is-above: An object or place is situated in a higer place then another. Transitive. Declared in the schema but not populated in the current release.,Predicate,,,
http://www.projecthalo.com/aura#is-across,is across,"A relation describing that an entity is spatially across another entity. Used only inside class axioms, as owl:onProperty of 141 owl:Restrictions; never asserted as a direct triple.",Predicate,,http://www.projecthalo.com/aura#Spatial-Entity,http://www.projecthalo.com/aura#Spatial-Entity
http://www.projecthalo.com/aura#is-across-of,is across of,"Inverse of is-across: A relation describing that an entity is spatially across another entity. Used only inside class axioms, as owl:onProperty of 230 owl:Restrictions; never asserted as a direct triple.",Predicate,,,
http://www.projecthalo.com/aura#is-along,is along,"An object or place is in a line parallel with the length or direction of another. Used only inside class axioms, as owl:onProperty of 102 owl:Restrictions; never asserted as a direct triple.",Predicate,,http://www.projecthalo.com/aura#Spatial-Entity,http://www.projecthalo.com/aura#Spatial-Entity
http://www.projecthalo.com/aura#is-at,is at,"An object or place is at another place or object. Used only inside class axioms, as owl:onProperty of 729 owl:Restrictions; never asserted as a direct triple.",Predicate,,http://www.projecthalo.com/aura#Spatial-Entity,http://www.projecthalo.com/aura#Spatial-Entity
http://www.projecthalo.com/aura#is-at-of,is at of,"Inverse of is-at: An object or place is at another place or object. Used only inside class axioms, as owl:onProperty of 581 owl:Restrictions; never asserted as a direct triple.",Predicate,,,
http://www.projecthalo.com/aura#is-at-trans,is at trans,Transitive form of is-at: An object or place is at another place or object. Transitive. Declared in the schema but not populated in the current release.,Predicate,,,
http://www.projecthalo.com/aura#is-atom-of,is atom of,"Used only inside class axioms, as owl:onProperty of 5 owl:Restrictions; never asserted as a direct triple.",Predicate,,,
http://www.projecthalo.com/aura#is-behind,is behind,A place or object that is in the back of or to the rear of another. Declared in the schema but not populated in the current release.,Predicate,,http://www.projecthalo.com/aura#Spatial-Entity,http://www.projecthalo.com/aura#Spatial-Entity
http://www.projecthalo.com/aura#is-behind-trans,is behind trans,Transitive form of is-behind: A place or object that is in the back of or to the rear of another. Transitive. Declared in the schema but not populated in the current release.,Predicate,,,
http://www.projecthalo.com/aura#is-below,is below,"Used only inside class axioms, as owl:onProperty of 45 owl:Restrictions; never asserted as a direct triple.",Predicate,,,
http://www.projecthalo.com/aura#is-beside,is beside,"An object or place that is by the side of another. Used only inside class axioms, as owl:onProperty of 10 owl:Restrictions; never asserted as a direct triple.",Predicate,,http://www.projecthalo.com/aura#Spatial-Entity,http://www.projecthalo.com/aura#Spatial-Entity
http://www.projecthalo.com/aura#is-between,is between,"Used only inside class axioms, as owl:onProperty of 1,153 owl:Restrictions; never asserted as a direct triple.",Predicate,,http://www.projecthalo.com/aura#Spatial-Entity,http://www.projecthalo.com/aura#Spatial-Entity
http://www.projecthalo.com/aura#is-between-of,is between of,"Used only inside class axioms, as owl:onProperty of 949 owl:Restrictions; never asserted as a direct triple.",Predicate,,,
http://www.projecthalo.com/aura#is-faced-by,is faced by,"Inverse of is-facing: Spaital-Entityfrom is facing another Spatial-Entityto. In other words, the salient face or front side intrinsic to Spatial-Entityfrom is the side of Spatial-Entityfrom that is closest to Spatial-Entityto. Used only inside class axioms, as owl:onProperty of 47 owl:Restrictions; never asserted as a direct triple.",Predicate,,,
http://www.projecthalo.com/aura#is-facing,is facing,"Spaital-Entityfrom is facing another Spatial-Entityto. In other words, the salient face or front side intrinsic to Spatial-Entityfrom is the side of Spatial-Entityfrom that is closest to Spatial-Entityto. Subproperty of is-oriented-toward. Used only inside class axioms, as owl:onProperty of 18 owl:Restrictions; never asserted as a direct triple.",Predicate,,http://www.projecthalo.com/aura#Spatial-Entity,http://www.projecthalo.com/aura#Spatial-Entity
http://www.projecthalo.com/aura#is-function-of,is function of,"Inverse of has-function: A relation from an entity to its functions. Used only inside class axioms, as owl:onProperty of 481 owl:Restrictions; never asserted as a direct triple.",Predicate,,,
http://www.projecthalo.com/aura#is-goal-of,is goal of,"Inverse of has-goal: The goal of an Entity. Used only inside class axioms, as owl:onProperty of 2 owl:Restrictions; never asserted as a direct triple.",Predicate,,,
http://www.projecthalo.com/aura#is-hypertonic-to,is hypertonic to,"A tonicity relation describing that a solution is hypertonic to another solution. Used only inside class axioms, as owl:onProperty of 16 owl:Restrictions; never asserted as a direct triple.",Predicate,,http://www.projecthalo.com/aura#Solution,http://www.projecthalo.com/aura#Solution
http://www.projecthalo.com/aura#is-hypotonic-to,is hypotonic to,"A tonicity relation describing that a solution is hypotonic to another solution. Used only inside class axioms, as owl:onProperty of 27 owl:Restrictions; never asserted as a direct triple.",Predicate,,http://www.projecthalo.com/aura#Solution,http://www.projecthalo.com/aura#Solution
http://www.projecthalo.com/aura#is-identical-to,is identical to,Declared in the schema but not populated in the current release.,Predicate,,http://www.projecthalo.com/aura#Chemical,http://www.projecthalo.com/aura#Chemical
http://www.projecthalo.com/aura#is-impermeable-to,is impermeable to,"A relation indicating that one thing is blocked from being able to move through another thing, based on the property of permeability. Used only inside class axioms, as owl:onProperty of 65 owl:Restrictions; never asserted as a direct triple.",Predicate,,http://www.projecthalo.com/aura#Tangible-Entity,http://www.projecthalo.com/aura#Tangible-Entity
http://www.projecthalo.com/aura#is-impermeable-to-of,is impermeable to of,"Inverse of is-impermeable-to: A relation indicating that one thing is blocked from being able to move through another thing, based on the property of permeability. Used only inside class axioms, as owl:onProperty of 3 owl:Restrictions; never asserted as a direct triple.",Predicate,,,
http://www.projecthalo.com/aura#is-in-front-of,is in front of,"Used only inside class axioms, as owl:onProperty of 2 owl:Restrictions; never asserted as a direct triple.",Predicate,,,
http://www.projecthalo.com/aura#is-inside,is inside,"One place or object is completely inside another. Used only inside class axioms, as owl:onProperty of 2,065 owl:Restrictions; never asserted as a direct triple.",Predicate,,http://www.projecthalo.com/aura#Spatial-Entity,http://www.projecthalo.com/aura#Spatial-Entity
http://www.projecthalo.com/aura#is-inside-trans,is inside trans,Transitive form of is-inside: One place or object is completely inside another. Transitive. Declared in the schema but not populated in the current release.,Predicate,,,
http://www.projecthalo.com/aura#is-ion-of,is ion of,"Used only inside class axioms, as owl:onProperty of 10 owl:Restrictions; never asserted as a direct triple.",Predicate,,,
http://www.projecthalo.com/aura#is-isomer-of,is isomer of,"Inverse of has-isomer: A relation relating two molecules as isomers. Used only inside class axioms, as owl:onProperty of 18 owl:Restrictions; never asserted as a direct triple.",Predicate,,,
http://www.projecthalo.com/aura#is-isotonic-to,is isotonic to,"A tonicity relation describing that a solution is isotonic to another solution. Used only inside class axioms, as owl:onProperty of 6 owl:Restrictions; never asserted as a direct triple.",Predicate,,http://www.projecthalo.com/aura#Solution,http://www.projecthalo.com/aura#Solution
http://www.projecthalo.com/aura#is-isotope-of,is isotope of,"Used only inside class axioms, as owl:onProperty of 8 owl:Restrictions; never asserted as a direct triple.",Predicate,,,
http://www.projecthalo.com/aura#is-near,is near,"One object or place is near another. Used only inside class axioms, as owl:onProperty of 509 owl:Restrictions; never asserted as a direct triple.",Predicate,,http://www.projecthalo.com/aura#Spatial-Entity,http://www.projecthalo.com/aura#Spatial-Entity
http://www.projecthalo.com/aura#is-near-trans,is near trans,Transitive form of is-near: One object or place is near another. Transitive. Declared in the schema but not populated in the current release.,Predicate,,,
http://www.projecthalo.com/aura#is-on,is on,"An object or place that is in contact or close proximity and above another. Used only inside class axioms, as owl:onProperty of 5 owl:Restrictions; never asserted as a direct triple.",Predicate,,http://www.projecthalo.com/aura#Spatial-Entity,http://www.projecthalo.com/aura#Spatial-Entity
http://www.projecthalo.com/aura#is-opposite,is opposite,"A Spatial-Entity is across from and usually facing or on the same level with another. Used only inside class axioms, as owl:onProperty of 118 owl:Restrictions; never asserted as a direct triple.",Predicate,,http://www.projecthalo.com/aura#Spatial-Entity,http://www.projecthalo.com/aura#Spatial-Entity
http://www.projecthalo.com/aura#is-oriented-toward,is oriented toward,"Spatially oriented toward in at least one of several possible senses of 'oriented toward'. It could mean, for example, that Spatial-Entityfrom is tilted toward Spatial-Entityto, or Spatial-Entityfrom faces Spatial-Entityto (but see is-facing), or the major axis of Spatial-Entityfrom points toward Spatial-Entityto, or Spatial-Entityfrom has a rotational axis toward Spatial-Entityto, etc . Used only inside class axioms, as owl:onProperty of 19 owl:Restrictions; never asserted as a direct triple.",Predicate,,http://www.projecthalo.com/aura#Spatial-Entity,http://www.projecthalo.com/aura#Spatial-Entity
http://www.projecthalo.com/aura#is-oriented-toward-of,is oriented toward of,"Inverse of is-oriented-toward: Spatially oriented toward in at least one of several possible senses of 'oriented toward'. It could mean, for example, that Spatial-Entityfrom is tilted toward Spatial-Entityto, or Spatial-Entityfrom faces Spatial-Entityto (but see is-facing), or the major axis of Spatial-Entityfrom points toward Spatial-Entityto, or Spatial-Entityfrom has a rotational axis toward Spatial-Entityto, etc . Used only inside class axioms, as owl:onProperty of 47 owl:Restrictions; never asserted as a direct triple.",Predicate,,,
http://www.projecthalo.com/aura#is-outside,is outside,"A place or object being on or toward the outer side or surface of another. Used only inside class axioms, as owl:onProperty of 98 owl:Restrictions; never asserted as a direct triple.",Predicate,,http://www.projecthalo.com/aura#Spatial-Entity,http://www.projecthalo.com/aura#Spatial-Entity
http://www.projecthalo.com/aura#is-over,is over,"A place or object higher than or above another. Used only inside class axioms, as owl:onProperty of 3 owl:Restrictions; never asserted as a direct triple.",Predicate,,http://www.projecthalo.com/aura#Spatial-Entity,http://www.projecthalo.com/aura#Spatial-Entity
http://www.projecthalo.com/aura#is-parallel-to,is parallel to,"This relation connects two entities that are parallel to each other. Used only inside class axioms, as owl:onProperty of 7 owl:Restrictions; never asserted as a direct triple.",Predicate,,http://www.projecthalo.com/aura#Spatial-Entity,http://www.projecthalo.com/aura#Spatial-Entity
http://www.projecthalo.com/aura#is-part-of,is part of,"Inverse of has-part: The parts that comprise a whole. Used only inside class axioms, as owl:onProperty of 1,216 owl:Restrictions; never asserted as a direct triple.",Predicate,,,
http://www.projecthalo.com/aura#is-permeable-to,is permeable to,"A relation indicating that one thing is able to move through another thing, based on the property of permeability. Used only inside class axioms, as owl:onProperty of 26 owl:Restrictions; never asserted as a direct triple.",Predicate,,http://www.projecthalo.com/aura#Tangible-Entity,http://www.projecthalo.com/aura#Tangible-Entity
http://www.projecthalo.com/aura#is-permeable-to-of,is permeable to of,"Inverse of is-permeable-to: A relation indicating that one thing is able to move through another thing, based on the property of permeability. Used only inside class axioms, as owl:onProperty of 9 owl:Restrictions; never asserted as a direct triple.",Predicate,,,
http://www.projecthalo.com/aura#is-perpendicular-to,is perpendicular to,The is-perpendicular-to relation connects two entities that are spatially perpendicular to each other. Declared in the schema but not populated in the current release.,Predicate,,http://www.projecthalo.com/aura#Spatial-Entity,http://www.projecthalo.com/aura#Spatial-Entity
http://www.projecthalo.com/aura#is-possessed-by,is possessed by,"Inverse of possesses: One thing possesses another, in any of these three ways: An Organism possesses a Tangible-Entity; a Chemical-Object possesses a Charge; an Entity possesses Energy. Used only inside class axioms, as owl:onProperty of 166 owl:Restrictions; never asserted as a direct triple.",Predicate,,,
http://www.projecthalo.com/aura#is-region-of,is region of,"Inverse of has-region: Tangible-Entity has the Spatial-Entity as its subregion. Used only inside class axioms, as owl:onProperty of 544 owl:Restrictions; never asserted as a direct triple.",Predicate,,,
http://www.projecthalo.com/aura#is-saturated-with,is saturated with,"Is completely filled to capacity by something else. With regard to solutions, a saturated solution holds the maximum amount of solute possible at a given temperature. Withregardtomolecules,typicallyafattyacid,asaturatedmoleculeisbondedtothemaximumnumberofhydrogenatomspossible. Used only inside class axioms, as owl:onProperty of 2 owl:Restrictions; never asserted as a direct triple.",Predicate,,http://www.projecthalo.com/aura#Tangible-Entity,http://www.projecthalo.com/aura#Tangible-Entity
http://www.projecthalo.com/aura#is-solute-of,is solute of,"Used only inside class axioms, as owl:onProperty of 29 owl:Restrictions; never asserted as a direct triple.",Predicate,,,
http://www.projecthalo.com/aura#is-solvent-of,is solvent of,"Used only inside class axioms, as owl:onProperty of 18 owl:Restrictions; never asserted as a direct triple.",Predicate,,,
http://www.projecthalo.com/aura#is-specific-to,is specific to,"The is-specific-to relation describes the specificity of the first entity to the second. Functional. Used only inside class axioms, as owl:onProperty of 9 owl:Restrictions; never asserted as a direct triple.",Predicate,,http://www.projecthalo.com/aura#Entity,http://www.projecthalo.com/aura#Entity
http://www.projecthalo.com/aura#is-specific-to-of,is specific to of,"Inverse of is-specific-to: The is-specific-to relation describes the specificity of the first entity to the second. Used only inside class axioms, as owl:onProperty of 9 owl:Restrictions; never asserted as a direct triple.",Predicate,,,
http://www.projecthalo.com/aura#is-state-of,is state of,"Used only inside class axioms, as owl:onProperty of 245 owl:Restrictions; never asserted as a direct triple.",Predicate,,,
http://www.projecthalo.com/aura#is-under,is under,"Used only inside class axioms, as owl:onProperty of 2 owl:Restrictions; never asserted as a direct triple.",Predicate,,,
http://www.projecthalo.com/aura#is-unsaturated-with,is unsaturated with,"Is not filled to capacity by something else. With regard to solutions, an unsaturated solution can still dissolve more solute at a given temperature. Withregardtomolecules,typicallyafattyacid,anunsaturatedmoleculehasatleastonedoublebond;changingthesebondstosinglebondswouldallowittobindmorehydrogen,atwhichpointitwouldbecomesaturatedwithhydrogen. Declared in the schema but not populated in the current release.",Predicate,,http://www.projecthalo.com/aura#Tangible-Entity,http://www.projecthalo.com/aura#Tangible-Entity
http://www.projecthalo.com/aura#ka,ka,Ka is a quantitative descriptor for describing the strength of acids. Functional. Declared in the schema but not populated in the current release.,Predicate,,,http://www.projecthalo.com/aura#Equilibrium-Constant-Value
http://www.projecthalo.com/aura#kb,kb,Kb is a quantitative descriptor for describing the strength of bases. Functional. Declared in the schema but not populated in the current release.,Predicate,,,http://www.projecthalo.com/aura#Equilibrium-Constant-Value
http://www.projecthalo.com/aura#keq,keq,The ratio between the concentration of products in a reaction and the concentration of reactants. It expresses the extent to which equilibrium has proceeded in either direction. Functional. Declared in the schema but not populated in the current release.,Predicate,,http://www.projecthalo.com/aura#Chemical-Equilibrium-Reaction,http://www.projecthalo.com/aura#Equilibrium-Constant-Value
http://www.projecthalo.com/aura#ki,ki,"The equilibrium constants of each individual equilibrium reaction that is combined to form an overall equilibrium reaction. Used only inside class axioms, as owl:onProperty of 1 owl:Restriction; never asserted as a direct triple.",Predicate,,http://www.projecthalo.com/aura#Chemical-Reaction,http://www.projecthalo.com/aura#Equilibrium-Constant-Value
http://www.projecthalo.com/aura#latitude,latitude,The latitude of a Spatial-Entity. Functional. Declared in the schema but not populated in the current release.,Predicate,,http://www.projecthalo.com/aura#Spatial-Entity,http://www.projecthalo.com/aura#Angle-Value
http://www.projecthalo.com/aura#length,length,"Length is a property for describing how big the one-dimensional extent of a Spatial-Entity is. Functional. Used only inside class axioms, as owl:onProperty of 48 owl:Restrictions; never asserted as a direct triple.",Predicate,,http://www.projecthalo.com/aura#Spatial-Entity,http://www.projecthalo.com/aura#Length-Value
http://www.projecthalo.com/aura#length-of,length of,"Inverse of length: Length is a property for describing how big the one-dimensional extent of a Spatial-Entity is. Used only inside class axioms, as owl:onProperty of 1 owl:Restriction; never asserted as a direct triple.",Predicate,,,
http://www.projecthalo.com/aura#less-than,less than,"Used only inside class axioms, as owl:onProperty of 314 owl:Restrictions; never asserted as a direct triple.",Predicate,,,
http://www.projecthalo.com/aura#less-than-or-equal-to,less than or equal to,"Used only inside class axioms, as owl:onProperty of 88 owl:Restrictions; never asserted as a direct triple.",Predicate,,,
http://www.projecthalo.com/aura#longitude,longitude,The longitude of a Spatial-Entity. Functional. Declared in the schema but not populated in the current release.,Predicate,,http://www.projecthalo.com/aura#Spatial-Entity,http://www.projecthalo.com/aura#Angle-Value
http://www.projecthalo.com/aura#luminance,luminance,"The quality of being luminous, emitting or reflecting light. Functional. Declared in the schema but not populated in the current release.",Predicate,,http://www.projecthalo.com/aura#Spatial-Entity,http://www.projecthalo.com/aura#Luminance-Value
http://www.projecthalo.com/aura#luminous-flux,luminous flux,The rate of flow of light energy. Functional. Declared in the schema but not populated in the current release.,Predicate,,http://www.projecthalo.com/aura#Spatial-Entity,http://www.projecthalo.com/aura#Luminous-Flux-Value
http://www.projecthalo.com/aura#luminous-intensity,luminous intensity,A measure of luminous intensity. Functional. Declared in the schema but not populated in the current release.,Predicate,,http://www.projecthalo.com/aura#Spatial-Entity,http://www.projecthalo.com/aura#Luminous-Intensity-Value
http://www.projecthalo.com/aura#magnification,magnification,Magnification in microscopy is the ratio of an object's image to its real size. Functional. Declared in the schema but not populated in the current release.,Predicate,,http://www.projecthalo.com/aura#Physical-Object,http://www.projecthalo.com/aura#Unitless-Value
http://www.projecthalo.com/aura#manner,manner,"The manner in which an Event happens. Functional. Used only inside class axioms, as owl:onProperty of 1 owl:Restriction; never asserted as a direct triple.",Predicate,,http://www.projecthalo.com/aura#Event,http://www.projecthalo.com/aura#Manner-Value
http://www.projecthalo.com/aura#mass,mass,"Mass is defined as the quantity of matter contained in an object and is the property of that causes it to have weight in a gravitational field. For a molecule, it is simply the sum of the masses of all the atoms in a molecule. Functional. Used only inside class axioms, as owl:onProperty of 8 owl:Restrictions; never asserted as a direct triple.",Predicate,,http://www.projecthalo.com/aura#Tangible-Entity,http://www.projecthalo.com/aura#Mass-Value
http://www.projecthalo.com/aura#mass-number,mass number,"Atomic mass number is the sum of the number of protons and neutrons in the nucleus of an atom. Because the mass of an electron is very small and does not contribute much to the overall mass of an atom, the atomic mass number is a close approximation of the actual mass of an atom. Functional. Used only inside class axioms, as owl:onProperty of 125 owl:Restrictions; never asserted as a direct triple.",Predicate,,http://www.projecthalo.com/aura#Atom,http://www.projecthalo.com/aura#Atomic-Mass-Value
http://www.projecthalo.com/aura#mass-of,mass of,"Inverse of mass: Mass is defined as the quantity of matter contained in an object and is the property of that causes it to have weight in a gravitational field. For a molecule, it is simply the sum of the masses of all the atoms in a molecule. Used only inside class axioms, as owl:onProperty of 1 owl:Restriction; never asserted as a direct triple.",Predicate,,,
http://www.projecthalo.com/aura#material,material,"The substance that an object is made of. Used only inside class axioms, as owl:onProperty of 10 owl:Restrictions; never asserted as a direct triple.",Predicate,,http://www.projecthalo.com/aura#Tangible-Entity,http://www.projecthalo.com/aura#Tangible-Entity
http://www.projecthalo.com/aura#material-of,material of,"Inverse of material: The substance that an object is made of. Used only inside class axioms, as owl:onProperty of 2 owl:Restrictions; never asserted as a direct triple.",Predicate,,,
http://www.projecthalo.com/aura#material-trans,material trans,Transitive form of material: The substance that an object is made of. Transitive. Declared in the schema but not populated in the current release.,Predicate,,,
http://www.projecthalo.com/aura#means-by-which,means by which,"Inverse of by-means-of: An Event is instrumental in achieving another Event. Used only inside class axioms, as owl:onProperty of 82 owl:Restrictions; never asserted as a direct triple.",Predicate,,,
http://www.projecthalo.com/aura#moment-of-inertia,moment of inertia,The tendency of a body to resist angular acceleration. Functional. Declared in the schema but not populated in the current release.,Predicate,,http://www.projecthalo.com/aura#Physical-Object,http://www.projecthalo.com/aura#Moment-of-Inertia-Value
http://www.projecthalo.com/aura#momentum,momentum,The product of a body's mass and its velocity. Functional. Declared in the schema but not populated in the current release.,Predicate,,http://www.projecthalo.com/aura#Event,http://www.projecthalo.com/aura#Momentum-Value
http://www.projecthalo.com/aura#negative-influence,negative influence,"A qualitative relation describing the relationship between two property values such that the first value has a negative influence on the second value. Used only inside class axioms, as owl:onProperty of 9 owl:Restrictions; never asserted as a direct triple.",Predicate,,http://www.projecthalo.com/aura#Property-Value,http://www.projecthalo.com/aura#Property-Value
http://www.projecthalo.com/aura#negative-influence-of,negative influence of,"Inverse of negative-influence: A qualitative relation describing the relationship between two property values such that the first value has a negative influence on the second value. Used only inside class axioms, as owl:onProperty of 3 owl:Restrictions; never asserted as a direct triple.",Predicate,,,
http://www.projecthalo.com/aura#next-element,next element,"The Entity that follows after this one in an ordered Aggregate. Used only inside class axioms, as owl:onProperty of 141 owl:Restrictions; never asserted as a direct triple.",Predicate,,http://www.projecthalo.com/aura#Entity,http://www.projecthalo.com/aura#Entity
http://www.projecthalo.com/aura#next-event,next event,"An Event that immediately follows temporally another Event. Used only inside class axioms, as owl:onProperty of 712 owl:Restrictions; never asserted as a direct triple.",Predicate,,http://www.projecthalo.com/aura#Event,http://www.projecthalo.com/aura#Event
http://www.projecthalo.com/aura#next-event-trans,next event trans,Transitive form of next-event: An Event that immediately follows temporally another Event. Transitive. Declared in the schema but not populated in the current release.,Predicate,,,
http://www.projecthalo.com/aura#node-id,node id,"Datatype property, functional. Declared in the schema but not populated in the current release.",Predicate,,,
http://www.projecthalo.com/aura#not-equal,not equal,"A relation between two Things, used internally to suggest that a merging shouldn't occur and avoid unification. Used only inside class axioms, as owl:onProperty of 7,656 owl:Restrictions; never asserted as a direct triple.",Predicate,,http://www.projecthalo.com/aura#Thing,http://www.projecthalo.com/aura#Thing
http://www.projecthalo.com/aura#object,object,"The entity that is acted upon by an Event. The main passive participant in the Event. Used only inside class axioms, as owl:onProperty of 3,114 owl:Restrictions; never asserted as a direct triple.",Predicate,,http://www.projecthalo.com/aura#Event,http://www.projecthalo.com/aura#Entity
http://www.projecthalo.com/aura#object-of,object of,"Inverse of object: The entity that is acted upon by an Event. The main passive participant in the Event. Used only inside class axioms, as owl:onProperty of 4,523 owl:Restrictions; never asserted as a direct triple.",Predicate,,,
http://www.projecthalo.com/aura#objective,objective,"The goal to be achieved by an Event. Used only inside class axioms, as owl:onProperty of 42 owl:Restrictions; never asserted as a direct triple.",Predicate,,http://www.projecthalo.com/aura#Event,http://www.projecthalo.com/aura#Event
http://www.projecthalo.com/aura#objective-of,objective of,"Inverse of objective: The goal to be achieved by an Event. Used only inside class axioms, as owl:onProperty of 7 owl:Restrictions; never asserted as a direct triple.",Predicate,,,
http://www.projecthalo.com/aura#optical-resolution,optical resolution,"Functional. Used only inside class axioms, as owl:onProperty of 2 owl:Restrictions; never asserted as a direct triple.",Predicate,,http://www.projecthalo.com/aura#Physical-Object,http://www.projecthalo.com/aura#Length-Value
http://www.projecthalo.com/aura#orientation,orientation,"The orientation of an Entity. Functional. Used only inside class axioms, as owl:onProperty of 5 owl:Restrictions; never asserted as a direct triple.",Predicate,,http://www.projecthalo.com/aura#Entity,http://www.projecthalo.com/aura#Angle-Value
http://www.projecthalo.com/aura#origin,origin,"An Event begins at some place. Functional. Used only inside class axioms, as owl:onProperty of 265 owl:Restrictions; never asserted as a direct triple.",Predicate,,http://www.projecthalo.com/aura#Event,http://www.projecthalo.com/aura#Spatial-Entity
http://www.projecthalo.com/aura#origin-of,origin of,"Inverse of origin: An Event begins at some place. Used only inside class axioms, as owl:onProperty of 150 owl:Restrictions; never asserted as a direct triple.",Predicate,,,
http://www.projecthalo.com/aura#oxidation-state,oxidation state,"Oxidation State of a Chemical entity refers to the fact that a chemical entity is in an oxidized or reduced state. Functional. Used only inside class axioms, as owl:onProperty of 56 owl:Restrictions; never asserted as a direct triple.",Predicate,,http://www.projecthalo.com/aura#Chemical-Entity,http://www.projecthalo.com/aura#Oxidation-State-Value
http://www.projecthalo.com/aura#pH,pH,"pH is a measure of hydrogen ion concentration. It is also referred as a measure of the acidity or basicity (alkalinity) of a material when dissolved in water. Functional. Used only inside class axioms, as owl:onProperty of 17 owl:Restrictions; never asserted as a direct triple.",Predicate,,http://www.projecthalo.com/aura#Substance,http://www.projecthalo.com/aura#PH-Value
http://www.projecthalo.com/aura#pH-of,pH of,"Inverse of pH: pH is a measure of hydrogen ion concentration. It is also referred as a measure of the acidity or basicity (alkalinity) of a material when dissolved in water. Used only inside class axioms, as owl:onProperty of 2 owl:Restrictions; never asserted as a direct triple.",Predicate,,,
http://www.projecthalo.com/aura#path,path,"When an entity moves, the path is the place (or object) it moves along or through. Used only inside class axioms, as owl:onProperty of 222 owl:Restrictions; never asserted as a direct triple.",Predicate,,http://www.projecthalo.com/aura#Event,http://www.projecthalo.com/aura#Spatial-Entity
http://www.projecthalo.com/aura#path-of,path of,"Inverse of path: When an entity moves, the path is the place (or object) it moves along or through. Used only inside class axioms, as owl:onProperty of 191 owl:Restrictions; never asserted as a direct triple.",Predicate,,,
http://www.projecthalo.com/aura#perimeter,perimeter,The size of a Spatial-Entity as given by the distance around it. Functional. Declared in the schema but not populated in the current release.,Predicate,,http://www.projecthalo.com/aura#Spatial-Entity,http://www.projecthalo.com/aura#Length-Value
http://www.projecthalo.com/aura#physical-state,physical state,"The physical state of a Chemical substance: *gas, *aqueous, *liquid, or *solid. Functional. Used only inside class axioms, as owl:onProperty of 17 owl:Restrictions; never asserted as a direct triple.",Predicate,,http://www.projecthalo.com/aura#Tangible-Entity,http://www.projecthalo.com/aura#State-Value
http://www.projecthalo.com/aura#pka,pka,"The negative log to base 10 of the acidity constant, ka. Functional. Declared in the schema but not populated in the current release.",Predicate,,,http://www.projecthalo.com/aura#PKa-Value
http://www.projecthalo.com/aura#pkb,pkb,"The negative log to base 10 of the alkalinity constant, kb. Functional. Declared in the schema but not populated in the current release.",Predicate,,,http://www.projecthalo.com/aura#PKb-Value
http://www.projecthalo.com/aura#played-by,played by,"Inverse of plays: An Entity is playing the Role in an Event. Used only inside class axioms, as owl:onProperty of 195 owl:Restrictions; never asserted as a direct triple.",Predicate,,,
http://www.projecthalo.com/aura#plays,plays,"An Entity is playing the Role in an Event. Used only inside class axioms, as owl:onProperty of 945 owl:Restrictions; never asserted as a direct triple.",Predicate,,http://www.projecthalo.com/aura#Entity,http://www.projecthalo.com/aura#Role
http://www.projecthalo.com/aura#polarity,polarity,"The electrical polarity of a Chemical-Objects. Functional. Used only inside class axioms, as owl:onProperty of 4 owl:Restrictions; never asserted as a direct triple.",Predicate,,http://www.projecthalo.com/aura#Tangible-Entity,http://www.projecthalo.com/aura#Polarity-Value
http://www.projecthalo.com/aura#positive-influence,positive influence,"A qualitative relation describing the relationship between two property values such that the first value has a positive influence on the second value. Used only inside class axioms, as owl:onProperty of 9 owl:Restrictions; never asserted as a direct triple.",Predicate,,http://www.projecthalo.com/aura#Property-Value,http://www.projecthalo.com/aura#Property-Value
http://www.projecthalo.com/aura#positive-influence-of,positive influence of,"Inverse of positive-influence: A qualitative relation describing the relationship between two property values such that the first value has a positive influence on the second value. Used only inside class axioms, as owl:onProperty of 4 owl:Restrictions; never asserted as a direct triple.",Predicate,,,
http://www.projecthalo.com/aura#possesses,possesses,"One thing possesses another, in any of these three ways: An Organism possesses a Tangible-Entity; a Chemical-Object possesses a Charge; an Entity possesses Energy. Used only inside class axioms, as owl:onProperty of 1,223 owl:Restrictions; never asserted as a direct triple.",Predicate,,http://www.projecthalo.com/aura#Tangible-Entity,
http://www.projecthalo.com/aura#power,power,The rate of doing work. Functional. Declared in the schema but not populated in the current release.,Predicate,,http://www.projecthalo.com/aura#Spatial-Entity,http://www.projecthalo.com/aura#Power-Value
http://www.projecthalo.com/aura#pressure,pressure,"Gives the value of pressure for an entity. Functional. Used only inside class axioms, as owl:onProperty of 2 owl:Restrictions; never asserted as a direct triple.",Predicate,,http://www.projecthalo.com/aura#Spatial-Entity,http://www.projecthalo.com/aura#Pressure-Value
http://www.projecthalo.com/aura#pressure-potential,pressure potential,"A component of water potential that is due to the actual physical pressure exerted by the water in a solution. Functional. Used only inside class axioms, as owl:onProperty of 3 owl:Restrictions; never asserted as a direct triple.",Predicate,,http://www.projecthalo.com/aura#Solution,http://www.projecthalo.com/aura#Potential-Value
http://www.projecthalo.com/aura#prev-event,prev event,"Inverse of next-event: An Event that immediately follows temporally another Event. Used only inside class axioms, as owl:onProperty of 590 owl:Restrictions; never asserted as a direct triple.",Predicate,,,
http://www.projecthalo.com/aura#prevented-by,prevented by,"Inverse of prevents: An event that prevents another event from happening. Used only inside class axioms, as owl:onProperty of 10 owl:Restrictions; never asserted as a direct triple.",Predicate,,,
http://www.projecthalo.com/aura#prevents,prevents,"An event that prevents another event from happening. Used only inside class axioms, as owl:onProperty of 47 owl:Restrictions; never asserted as a direct triple.",Predicate,,http://www.projecthalo.com/aura#Event,http://www.projecthalo.com/aura#Event
http://www.projecthalo.com/aura#previous-element,previous element,"Inverse of next-element: The Entity that follows after this one in an ordered Aggregate. Used only inside class axioms, as owl:onProperty of 55 owl:Restrictions; never asserted as a direct triple.",Predicate,,,
http://www.projecthalo.com/aura#priority,priority,A property of something meriting attention before competing alternatives. Functional. Declared in the schema but not populated in the current release.,Predicate,,http://www.projecthalo.com/aura#Thing,http://www.projecthalo.com/aura#Unitless-Value
http://www.projecthalo.com/aura#purpose,purpose,"The default purpose of an entity. Used only inside class axioms, as owl:onProperty of 10 owl:Restrictions; never asserted as a direct triple.",Predicate,,http://www.projecthalo.com/aura#Entity,
http://www.projecthalo.com/aura#purpose-of,purpose of,"Inverse of purpose: The default purpose of an entity. Used only inside class axioms, as owl:onProperty of 2 owl:Restrictions; never asserted as a direct triple.",Predicate,,,
http://www.projecthalo.com/aura#quantity,quantity,"Quantity is a property describing the amount of a Chemical. Functional. Used only inside class axioms, as owl:onProperty of 722 owl:Restrictions; never asserted as a direct triple.",Predicate,,http://www.projecthalo.com/aura#Tangible-Entity,http://www.projecthalo.com/aura#Quantity-Value
http://www.projecthalo.com/aura#quantity-of,quantity of,"Inverse of quantity: Quantity is a property describing the amount of a Chemical. Used only inside class axioms, as owl:onProperty of 310 owl:Restrictions; never asserted as a direct triple.",Predicate,,,
http://www.projecthalo.com/aura#radius,radius,The length of a radius. Functional. Declared in the schema but not populated in the current release.,Predicate,,http://www.projecthalo.com/aura#Spatial-Entity,http://www.projecthalo.com/aura#Length-Value
http://www.projecthalo.com/aura#rate,rate,"The rate at which an Event is happening. Functional. Used only inside class axioms, as owl:onProperty of 94 owl:Restrictions; never asserted as a direct triple.",Predicate,,http://www.projecthalo.com/aura#Event,http://www.projecthalo.com/aura#Rate-Value
http://www.projecthalo.com/aura#rate-of,rate of,"Inverse of rate: The rate at which an Event is happening. Used only inside class axioms, as owl:onProperty of 24 owl:Restrictions; never asserted as a direct triple.",Predicate,,,
http://www.projecthalo.com/aura#raw-material,raw material,"Raw-material refers to the material used as input for an event. Used only inside class axioms, as owl:onProperty of 1,230 owl:Restrictions; never asserted as a direct triple.",Predicate,,http://www.projecthalo.com/aura#Event,http://www.projecthalo.com/aura#Tangible-Entity
http://www.projecthalo.com/aura#raw-material-of,raw material of,"Inverse of raw-material: Raw-material refers to the material used as input for an event. Used only inside class axioms, as owl:onProperty of 519 owl:Restrictions; never asserted as a direct triple.",Predicate,,,
http://www.projecthalo.com/aura#reaction-direction,reaction direction,"The direction of an equilibrium reaction, i.e. left or right. Functional. Declared in the schema but not populated in the current release.",Predicate,,http://www.projecthalo.com/aura#Chemical-Equilibrium-Reaction,http://www.projecthalo.com/aura#Reaction-Direction-Value
http://www.projecthalo.com/aura#recipient,recipient,"The recipient of an event is the entity that receives (takes possession of) the object of the event. Used only inside class axioms, as owl:onProperty of 134 owl:Restrictions; never asserted as a direct triple.",Predicate,,http://www.projecthalo.com/aura#Event,http://www.projecthalo.com/aura#Entity
http://www.projecthalo.com/aura#recipient-of,recipient of,"Inverse of recipient: The recipient of an event is the entity that receives (takes possession of) the object of the event. Used only inside class axioms, as owl:onProperty of 207 owl:Restrictions; never asserted as a direct triple.",Predicate,,,
http://www.projecthalo.com/aura#result,result,"The entity that comes into existence as a result of an action. Used only inside class axioms, as owl:onProperty of 2,220 owl:Restrictions; never asserted as a direct triple.",Predicate,,http://www.projecthalo.com/aura#Event,http://www.projecthalo.com/aura#Entity
http://www.projecthalo.com/aura#result-of,result of,"Inverse of result: The entity that comes into existence as a result of an action. Used only inside class axioms, as owl:onProperty of 1,534 owl:Restrictions; never asserted as a direct triple.",Predicate,,,
http://www.projecthalo.com/aura#rotational-rate,rotational rate,The rate of rotation. Functional. Declared in the schema but not populated in the current release.,Predicate,,http://www.projecthalo.com/aura#Event,http://www.projecthalo.com/aura#Rotational-Rate-Value
http://www.projecthalo.com/aura#salt-status,salt status,"Whether an ionic compound is salt or not. Functional. Used only inside class axioms, as owl:onProperty of 1 owl:Restriction; never asserted as a direct triple.",Predicate,,http://www.projecthalo.com/aura#Chemical-Entity,http://www.projecthalo.com/aura#Salt-Status-Value
http://www.projecthalo.com/aura#same-as,same as,"A Property-Value that is the same as the current one. Used only inside class axioms, as owl:onProperty of 253 owl:Restrictions; never asserted as a direct triple.",Predicate,,http://www.projecthalo.com/aura#Property-Value,http://www.projecthalo.com/aura#Property-Value
http://www.projecthalo.com/aura#same-type,same type,"The type of one thing is same as that of another. Used only inside class axioms, as owl:onProperty of 151 owl:Restrictions; never asserted as a direct triple.",Predicate,,http://www.projecthalo.com/aura#Thing,http://www.projecthalo.com/aura#Thing
http://www.projecthalo.com/aura#scalar-magnitude-of,scalar magnitude of,Declared in the schema but not populated in the current release.,Predicate,,http://www.projecthalo.com/aura#Scalar-Value,http://www.projecthalo.com/aura#Scalar-Constant-Class
http://www.projecthalo.com/aura#scalar-unit-class,scalar unit class,"The reference class a scalar property value is relative to, e.g. the House in 'big for a house'. Used only inside class axioms, as owl:onProperty of 583 owl:Restrictions; never asserted as a direct triple.",Predicate,,,
http://www.projecthalo.com/aura#sentience,sentience,"The readiness to perceive sensations. Functional. Used only inside class axioms, as owl:onProperty of 1 owl:Restriction; never asserted as a direct triple.",Predicate,,http://www.projecthalo.com/aura#Living-Entity,http://www.projecthalo.com/aura#Sentience-Value
http://www.projecthalo.com/aura#sex,sex,"Either of the two categories (male or female) into which most organisms are divided. Functional. Used only inside class axioms, as owl:onProperty of 28 owl:Restrictions; never asserted as a direct triple.",Predicate,,http://www.projecthalo.com/aura#Living-Entity,http://www.projecthalo.com/aura#Sex-Value
http://www.projecthalo.com/aura#shape,shape,"Any spatial attributes (especially as defined by outline). Functional. Used only inside class axioms, as owl:onProperty of 146 owl:Restrictions; never asserted as a direct triple.",Predicate,,http://www.projecthalo.com/aura#Spatial-Entity,http://www.projecthalo.com/aura#Shape-Value
http://www.projecthalo.com/aura#shape-of,shape of,"Inverse of shape: Any spatial attributes (especially as defined by outline). Used only inside class axioms, as owl:onProperty of 13 owl:Restrictions; never asserted as a direct triple.",Predicate,,,
http://www.projecthalo.com/aura#site,site,"The specific place of some effect of an event, as opposed to the locale of the event itself. Used only inside class axioms, as owl:onProperty of 522 owl:Restrictions; never asserted as a direct triple.",Predicate,,http://www.projecthalo.com/aura#Event,http://www.projecthalo.com/aura#Spatial-Entity
http://www.projecthalo.com/aura#site-of,site of,"Inverse of site: The specific place of some effect of an event, as opposed to the locale of the event itself. Used only inside class axioms, as owl:onProperty of 512 owl:Restrictions; never asserted as a direct triple.",Predicate,,,
http://www.projecthalo.com/aura#size,size,"The size of the Tangible-Entity. Functional. Used only inside class axioms, as owl:onProperty of 554 owl:Restrictions; never asserted as a direct triple.",Predicate,,http://www.projecthalo.com/aura#Spatial-Entity,http://www.projecthalo.com/aura#Size-Value
http://www.projecthalo.com/aura#size-of,size of,"Inverse of size: The size of the Tangible-Entity. Used only inside class axioms, as owl:onProperty of 121 owl:Restrictions; never asserted as a direct triple.",Predicate,,,
http://www.projecthalo.com/aura#slope,slope,The inclination of a Spatial-Entity. Functional. Declared in the schema but not populated in the current release.,Predicate,,http://www.projecthalo.com/aura#Spatial-Entity,http://www.projecthalo.com/aura#Unitless-Value
http://www.projecthalo.com/aura#smell,smell,"Any property detected by the olfactory system. Functional. Used only inside class axioms, as owl:onProperty of 1 owl:Restriction; never asserted as a direct triple.",Predicate,,http://www.projecthalo.com/aura#Tangible-Entity,http://www.projecthalo.com/aura#Smell-Value
http://www.projecthalo.com/aura#solubility-in-lipid,solubility in lipid,"Functional. Used only inside class axioms, as owl:onProperty of 1 owl:Restriction; never asserted as a direct triple.",Predicate,,http://www.projecthalo.com/aura#Tangible-Entity,http://www.projecthalo.com/aura#Solubility-Value
http://www.projecthalo.com/aura#solubility-in-water,solubility in water,"Functional. Used only inside class axioms, as owl:onProperty of 32 owl:Restrictions; never asserted as a direct triple.",Predicate,,http://www.projecthalo.com/aura#Tangible-Entity,http://www.projecthalo.com/aura#Solubility-Value
http://www.projecthalo.com/aura#solute-potential,solute potential,"The solute potential of a solution is a measure of the concentration of the solute relative to pure water. Functional. Used only inside class axioms, as owl:onProperty of 8 owl:Restrictions; never asserted as a direct triple.",Predicate,,http://www.projecthalo.com/aura#Chemical,http://www.projecthalo.com/aura#Potential-Value
http://www.projecthalo.com/aura#solute-species,solute species,The molecule or the ions of a solute that is dissolved in a solution. Declared in the schema but not populated in the current release.,Predicate,,http://www.projecthalo.com/aura#Solution,http://www.projecthalo.com/aura#Chemical
http://www.projecthalo.com/aura#specific-heat,specific heat,"The property Specific-Heat of a substance refers to the amount of heat that must be absorbed or lost for 1 gram of that substance to change its temperature by 1 degree celsius. Functional. Used only inside class axioms, as owl:onProperty of 39 owl:Restrictions; never asserted as a direct triple.",Predicate,,http://www.projecthalo.com/aura#Substance,http://www.projecthalo.com/aura#Specific-Heat-Value
http://www.projecthalo.com/aura#specific-heat-of,specific heat of,"Inverse of specific-heat: The property Specific-Heat of a substance refers to the amount of heat that must be absorbed or lost for 1 gram of that substance to change its temperature by 1 degree celsius. Used only inside class axioms, as owl:onProperty of 50 owl:Restrictions; never asserted as a direct triple.",Predicate,,,
http://www.projecthalo.com/aura#specific-surface-area,specific surface area,"The property of a spatial entity specifying its specific surface area. Functional. Used only inside class axioms, as owl:onProperty of 3 owl:Restrictions; never asserted as a direct triple.",Predicate,,http://www.projecthalo.com/aura#Spatial-Entity,http://www.projecthalo.com/aura#Specific-Surface-Area-Value
http://www.projecthalo.com/aura#speed,speed,"Distance travelled per unit time. Functional. Used only inside class axioms, as owl:onProperty of 92 owl:Restrictions; never asserted as a direct triple.",Predicate,,http://www.projecthalo.com/aura#Event,http://www.projecthalo.com/aura#Speed-Value
http://www.projecthalo.com/aura#speed-of,speed of,"Inverse of speed: Distance travelled per unit time. Used only inside class axioms, as owl:onProperty of 188 owl:Restrictions; never asserted as a direct triple.",Predicate,,,
http://www.projecthalo.com/aura#structural-complexity,structural complexity,"Functional. Used only inside class axioms, as owl:onProperty of 225 owl:Restrictions; never asserted as a direct triple.",Predicate,,http://www.projecthalo.com/aura#Tangible-Entity,http://www.projecthalo.com/aura#Structural-Complexity-Value
http://www.projecthalo.com/aura#structural-complexity-of,structural complexity of,"Used only inside class axioms, as owl:onProperty of 66 owl:Restrictions; never asserted as a direct triple.",Predicate,,,
http://www.projecthalo.com/aura#subevent,subevent,"An event that is a step of another event, and occurs during it. Used only inside class axioms, as owl:onProperty of 2,803 owl:Restrictions; never asserted as a direct triple.",Predicate,,http://www.projecthalo.com/aura#Event,http://www.projecthalo.com/aura#Event
http://www.projecthalo.com/aura#subevent-of,subevent of,"Inverse of subevent: An event that is a step of another event, and occurs during it. Used only inside class axioms, as owl:onProperty of 410 owl:Restrictions; never asserted as a direct triple.",Predicate,,,
http://www.projecthalo.com/aura#subevent-trans,subevent trans,"Transitive form of subevent: An event that is a step of another event, and occurs during it. Transitive. Declared in the schema but not populated in the current release.",Predicate,,,
http://www.projecthalo.com/aura#subscript,subscript,A number that indicates the mole proportion of the preceeding element. Declared in the schema but not populated in the current release.,Predicate,,,http://www.projecthalo.com/aura#Subscript-Value
http://www.projecthalo.com/aura#substrate,substrate,The molecule that gets converted in an enzymatic reaction. Declared in the schema but not populated in the current release.,Predicate,,http://www.projecthalo.com/aura#Event,http://www.projecthalo.com/aura#Tangible-Entity
http://www.projecthalo.com/aura#supported-by,supported by,"Inverse of supports: An Event that supports another Event. Used only inside class axioms, as owl:onProperty of 14 owl:Restrictions; never asserted as a direct triple.",Predicate,,,
http://www.projecthalo.com/aura#supports,supports,"An Event that supports another Event. Used only inside class axioms, as owl:onProperty of 26 owl:Restrictions; never asserted as a direct triple.",Predicate,,http://www.projecthalo.com/aura#Event,http://www.projecthalo.com/aura#Event
http://www.projecthalo.com/aura#surface-area,surface area,"The surface area is the total area of the surface of an object. Functional. Used only inside class axioms, as owl:onProperty of 4 owl:Restrictions; never asserted as a direct triple.",Predicate,,http://www.projecthalo.com/aura#Spatial-Entity,http://www.projecthalo.com/aura#Surface-Area-Value
http://www.projecthalo.com/aura#surface-area-of,surface area of,"Inverse of surface-area: The surface area is the total area of the surface of an object. Used only inside class axioms, as owl:onProperty of 3 owl:Restrictions; never asserted as a direct triple.",Predicate,,,
http://www.projecthalo.com/aura#surface-tension,surface tension,Functional. Declared in the schema but not populated in the current release.,Predicate,,http://www.projecthalo.com/aura#Liquid-Substance,http://www.projecthalo.com/aura#Surface-Tension-Value
http://www.projecthalo.com/aura#taste,taste,"The sensation that results when taste buds in the tongue and throat convey information about the chemical composition of a soluble stimulus. Functional. Used only inside class axioms, as owl:onProperty of 3 owl:Restrictions; never asserted as a direct triple.",Predicate,,http://www.projecthalo.com/aura#Tangible-Entity,http://www.projecthalo.com/aura#Taste-Value
http://www.projecthalo.com/aura#temperature,temperature,"A measure of the intensity of heat in degrees, reflecting the average kinetic energy of the molecules. Functional. Used only inside class axioms, as owl:onProperty of 132 owl:Restrictions; never asserted as a direct triple.",Predicate,,http://www.projecthalo.com/aura#Spatial-Entity,http://www.projecthalo.com/aura#Temperature-Value
http://www.projecthalo.com/aura#temperature-of,temperature of,"Inverse of temperature: A measure of the intensity of heat in degrees, reflecting the average kinetic energy of the molecules. Used only inside class axioms, as owl:onProperty of 8 owl:Restrictions; never asserted as a direct triple.",Predicate,,,
http://www.projecthalo.com/aura#text-is-southwest,text is southwest,Declared in the schema but not populated in the current release.,Predicate,,,
http://www.projecthalo.com/aura#texture,texture,"The feel of a surface or a fabric. Functional. Used only inside class axioms, as owl:onProperty of 5 owl:Restrictions; never asserted as a direct triple.",Predicate,,http://www.projecthalo.com/aura#Tangible-Entity,http://www.projecthalo.com/aura#Texture-Value
http://www.projecthalo.com/aura#the-cardinal-value,the cardinal value,"The number of a quantitative property value, e.g. 3.44; its unit is given by cardinal-unit-class. Datatype property. Used only inside class axioms, as owl:onProperty of 923 owl:Restrictions; never asserted as a direct triple.",Predicate,,http://www.projecthalo.com/aura#Cardinal-Property-Value,
http://www.projecthalo.com/aura#the-categorical-value,the categorical value,"The categorical constant of a property value, e.g. green for a Color-Value. This release states categorical values with the value string property instead. Declared in the schema but not populated in the current release.",Predicate,,http://www.projecthalo.com/aura#Categorical-Value,http://www.projecthalo.com/aura#Categorical-Constant
http://www.projecthalo.com/aura#the-scalar-value,the scalar value,"The relative magnitude of a scalar property value, a named constant such as big or small, judged against the class given by scalar-unit-class (e.g. size big relative to House). Used only inside class axioms, as owl:onProperty of 583 owl:Restrictions; never asserted as a direct triple.",Predicate,,http://www.projecthalo.com/aura#Scalar-Value,http://www.projecthalo.com/aura#Scalar-Constant-Class
http://www.projecthalo.com/aura#thickness,thickness,"Thickness is the smallest of three dimensions. Functional. Used only inside class axioms, as owl:onProperty of 13 owl:Restrictions; never asserted as a direct triple.",Predicate,,http://www.projecthalo.com/aura#Spatial-Entity,http://www.projecthalo.com/aura#Length-Value
http://www.projecthalo.com/aura#thickness-of,thickness of,"Inverse of thickness: Thickness is the smallest of three dimensions. Used only inside class axioms, as owl:onProperty of 5 owl:Restrictions; never asserted as a direct triple.",Predicate,,,
http://www.projecthalo.com/aura#time-after,time after,"A time interval (or time instant) occurs after another time interval (or time instant). The second interval (or instant) occurs after the first interval ends. Used only inside class axioms, as owl:onProperty of 122 owl:Restrictions; never asserted as a direct triple.",Predicate,,,
http://www.projecthalo.com/aura#time-at,time at,"The time instant at which an event occurs. Used only inside class axioms, as owl:onProperty of 1 owl:Restriction; never asserted as a direct triple.",Predicate,,http://www.projecthalo.com/aura#Event,http://www.projecthalo.com/aura#Time-Instant
http://www.projecthalo.com/aura#time-before,time before,"A time period (or time instant) occurs before another time period (or time instant). The first time period ends before the second period (or instant) occurs. Used only inside class axioms, as owl:onProperty of 162 owl:Restrictions; never asserted as a direct triple.",Predicate,,http://www.projecthalo.com/aura#Temporal-Entity,http://www.projecthalo.com/aura#Temporal-Entity
http://www.projecthalo.com/aura#time-before-trans,time before trans,Transitive form of time-before: A time period (or time instant) occurs before another time period (or time instant). The first time period ends before the second period (or instant) occurs. Transitive. Declared in the schema but not populated in the current release.,Predicate,,,
http://www.projecthalo.com/aura#time-beginning-of,time beginning of,"Used only inside class axioms, as owl:onProperty of 1 owl:Restriction; never asserted as a direct triple.",Predicate,,,
http://www.projecthalo.com/aura#time-begins,time begins,"The time instant at which a time interval begins. NOTE: The time-begins of a time instant is defined as the instant itself. Functional. Used only inside class axioms, as owl:onProperty of 1 owl:Restriction; never asserted as a direct triple.",Predicate,,http://www.projecthalo.com/aura#Temporal-Entity,http://www.projecthalo.com/aura#Time-Instant
http://www.projecthalo.com/aura#time-begins-or-in,time begins or in,Time-Interval begins with or contains Time-Instant. Declared in the schema but not populated in the current release.,Predicate,,http://www.projecthalo.com/aura#Time-Interval,http://www.projecthalo.com/aura#Time-Instant
http://www.projecthalo.com/aura#time-between,time between,Declared in the schema but not populated in the current release.,Predicate,,http://www.projecthalo.com/aura#Time-Interval,http://www.projecthalo.com/aura#Time-Instant
http://www.projecthalo.com/aura#time-contains,time contains,"Used only inside class axioms, as owl:onProperty of 123 owl:Restrictions; never asserted as a direct triple.",Predicate,,,
http://www.projecthalo.com/aura#time-during,time during,"An event occurs during the time interval. Functional. Used only inside class axioms, as owl:onProperty of 322 owl:Restrictions; never asserted as a direct triple.",Predicate,,,http://www.projecthalo.com/aura#Time-Interval
http://www.projecthalo.com/aura#time-end-of,time end of,"Used only inside class axioms, as owl:onProperty of 1 owl:Restriction; never asserted as a direct triple.",Predicate,,,
http://www.projecthalo.com/aura#time-ends,time ends,"The time instant at which a time interval ends. NOTE: The time-ends of a time instant is defined as the instant itself. Functional. Used only inside class axioms, as owl:onProperty of 1 owl:Restriction; never asserted as a direct triple.",Predicate,,http://www.projecthalo.com/aura#Temporal-Entity,http://www.projecthalo.com/aura#Time-Instant
http://www.projecthalo.com/aura#time-inside,time inside,The time instant occurs (a) simulataneously or later than the beginning of the time interval AND (b) simultaneously or earlier than the end of the time interval. Declared in the schema but not populated in the current release.,Predicate,,http://www.projecthalo.com/aura#Time-Interval,http://www.projecthalo.com/aura#Time-Instant
http://www.projecthalo.com/aura#time-int-after,time int after,"Used only inside class axioms, as owl:onProperty of 1 owl:Restriction; never asserted as a direct triple.",Predicate,,,
http://www.projecthalo.com/aura#time-int-before,time int before,A time interval occurs before another. The first time interval ends before the second interval begins. Declared in the schema but not populated in the current release.,Predicate,,http://www.projecthalo.com/aura#Time-Interval,http://www.projecthalo.com/aura#Time-Interval
http://www.projecthalo.com/aura#time-int-during,time int during,"A time interval occurs during another, bigger time interval. More specifically, (a) The start time of one interval is greater than or equal to the start time of another AND (b) The end time of the first interval is lesser than or equal to the end time of the other. Used only inside class axioms, as owl:onProperty of 3 owl:Restrictions; never asserted as a direct triple.",Predicate,,http://www.projecthalo.com/aura#Time-Interval,http://www.projecthalo.com/aura#Time-Interval
http://www.projecthalo.com/aura#time-int-during-trans,time int during trans,"Transitive form of time-int-during: A time interval occurs during another, bigger time interval. More specifically, (a) The start time of one interval is greater than or equal to the start time of another AND (b) The end time of the first interval is lesser than or equal to the end time of the other. Transitive. Declared in the schema but not populated in the current release.",Predicate,,,
http://www.projecthalo.com/aura#time-int-equals,time int equals,"Two time intervals start and end simultaneously. Used only inside class axioms, as owl:onProperty of 1 owl:Restriction; never asserted as a direct triple.",Predicate,,http://www.projecthalo.com/aura#Time-Interval,http://www.projecthalo.com/aura#Time-Interval
http://www.projecthalo.com/aura#time-int-finishes,time int finishes,Two time intervals end at the same time. Declared in the schema but not populated in the current release.,Predicate,,http://www.projecthalo.com/aura#Time-Interval,http://www.projecthalo.com/aura#Time-Interval
http://www.projecthalo.com/aura#time-int-meets,time int meets,"One time interval meets (abuts) another. More specifically, a time interval starts just when the other ends. Declared in the schema but not populated in the current release.",Predicate,,http://www.projecthalo.com/aura#Time-Interval,http://www.projecthalo.com/aura#Time-Interval
http://www.projecthalo.com/aura#time-int-overlaps,time int overlaps,"One time interval overlaps with another. More specifically, start time of an interval is (a) Greater than or equal to that of another AND (b) Lesser than or equal to the end time of the other. Declared in the schema but not populated in the current release.",Predicate,,http://www.projecthalo.com/aura#Time-Interval,http://www.projecthalo.com/aura#Time-Interval
http://www.projecthalo.com/aura#time-int-starts,time int starts,Two time intervals start simultaneously. Declared in the schema but not populated in the current release.,Predicate,,http://www.projecthalo.com/aura#Time-Interval,http://www.projecthalo.com/aura#Time-Interval
http://www.projecthalo.com/aura#time-int-starts-trans,time int starts trans,Transitive form of time-int-starts: Two time intervals start simultaneously. Transitive. Declared in the schema but not populated in the current release.,Predicate,,,
http://www.projecthalo.com/aura#time-of,time of,"Used only inside class axioms, as owl:onProperty of 1 owl:Restriction; never asserted as a direct triple.",Predicate,,,
http://www.projecthalo.com/aura#time-of-existence,time of existence,Asserts that an Entity exists in a particular Time-Interval. Functional. Declared in the schema but not populated in the current release.,Predicate,,,http://www.projecthalo.com/aura#Time-Interval
http://www.projecthalo.com/aura#to-value,to value,"The value of a property increases or decreases to another value. Functional. Used only inside class axioms, as owl:onProperty of 35 owl:Restrictions; never asserted as a direct triple.",Predicate,,,http://www.projecthalo.com/aura#Property-Value
http://www.projecthalo.com/aura#to-value-of,to value of,"Inverse of to-value: The value of a property increases or decreases to another value. Used only inside class axioms, as owl:onProperty of 2 owl:Restrictions; never asserted as a direct triple.",Predicate,,,
http://www.projecthalo.com/aura#toward,toward,"The event transpires toward the spatial-entity but may end elsewhere. Functional. Used only inside class axioms, as owl:onProperty of 15 owl:Restrictions; never asserted as a direct triple.",Predicate,,http://www.projecthalo.com/aura#Event,http://www.projecthalo.com/aura#Spatial-Entity
http://www.projecthalo.com/aura#toward-of,toward of,"Inverse of toward: The event transpires toward the spatial-entity but may end elsewhere. Used only inside class axioms, as owl:onProperty of 11 owl:Restrictions; never asserted as a direct triple.",Predicate,,,
http://www.projecthalo.com/aura#trait,trait,A distinguishing feature of personal nature. Functional. Declared in the schema but not populated in the current release.,Predicate,,http://www.projecthalo.com/aura#Entity,http://www.projecthalo.com/aura#Trait-Value
http://www.projecthalo.com/aura#transmittance,transmittance,The property transmittance of a solution refers to the measure of the fraction of light transmitted through it. Functional. Declared in the schema but not populated in the current release.,Predicate,,http://www.projecthalo.com/aura#Solution,http://www.projecthalo.com/aura#Transmittance-Value
http://www.projecthalo.com/aura#truth,truth,"The truth value of an information. Functional. Used only inside class axioms, as owl:onProperty of 1 owl:Restriction; never asserted as a direct triple.",Predicate,,http://www.projecthalo.com/aura#Information,http://www.projecthalo.com/aura#Truth-Value
http://www.projecthalo.com/aura#used-in-equation,used in equation,"Used only inside class axioms, as owl:onProperty of 104 owl:Restrictions; never asserted as a direct triple.",Predicate,,,
http://www.projecthalo.com/aura#valence,valence,"It is the bonding capacity of an atom and determined by the number of electrons that complete the valence shell. Functional. Used only inside class axioms, as owl:onProperty of 44 owl:Restrictions; never asserted as a direct triple.",Predicate,,http://www.projecthalo.com/aura#Atom,http://www.projecthalo.com/aura#Valence-Value
http://www.projecthalo.com/aura#value,value,"The categorical value of a property, as a CLIB constant string such as ""*active"", ""*oxidized"" or ""*green"" (e.g. color some Color-Value with value ""*green""). Datatype property. Used only inside class axioms, as owl:onProperty of 343 owl:Restrictions; never asserted as a direct triple.",Predicate,,,
http://www.projecthalo.com/aura#visibility,visibility,"Visibility of an entity refers to the measure of it being visible to aided or unaided eyes. Functional. Used only inside class axioms, as owl:onProperty of 7 owl:Restrictions; never asserted as a direct triple.",Predicate,,http://www.projecthalo.com/aura#Entity,http://www.projecthalo.com/aura#Visibility-Value
http://www.projecthalo.com/aura#voltage,voltage,"The rate at which energy is drawn from a source that produces a flow of electricity in a circuit. Functional. Used only inside class axioms, as owl:onProperty of 2 owl:Restrictions; never asserted as a direct triple.",Predicate,,http://www.projecthalo.com/aura#Spatial-Entity,http://www.projecthalo.com/aura#Voltage-Value
http://www.projecthalo.com/aura#volume,volume,"Volume is a property for describing the amount of space occupied by a three-dimensional object as measured in cubic units. Functional. Used only inside class axioms, as owl:onProperty of 136 owl:Restrictions; never asserted as a direct triple.",Predicate,,http://www.projecthalo.com/aura#Tangible-Entity,http://www.projecthalo.com/aura#Volume-Value
http://www.projecthalo.com/aura#volume-of,volume of,"Inverse of volume: Volume is a property for describing the amount of space occupied by a three-dimensional object as measured in cubic units. Used only inside class axioms, as owl:onProperty of 3 owl:Restrictions; never asserted as a direct triple.",Predicate,,,
http://www.projecthalo.com/aura#water-potential,water potential,"Water potential is the physical property that predicts the direction in which water will flow. It is a quantity that includes the effects of solute concentration and physical pressure. Functional. Used only inside class axioms, as owl:onProperty of 12 owl:Restrictions; never asserted as a direct triple.",Predicate,,http://www.projecthalo.com/aura#Aqueous-Solution,http://www.projecthalo.com/aura#Potential-Value
http://www.projecthalo.com/aura#water-potential-of,water potential of,"Inverse of water-potential: Water potential is the physical property that predicts the direction in which water will flow. It is a quantity that includes the effects of solute concentration and physical pressure. Used only inside class axioms, as owl:onProperty of 10 owl:Restrictions; never asserted as a direct triple.",Predicate,,,
http://www.projecthalo.com/aura#wavelength,wavelength,"The distance between crests of waves, such as those of electromagnetic spectrum. Functional. Used only inside class axioms, as owl:onProperty of 20 owl:Restrictions; never asserted as a direct triple.",Predicate,,http://www.projecthalo.com/aura#Energy,http://www.projecthalo.com/aura#Length-Value
http://www.projecthalo.com/aura#wavelength-of,wavelength of,"Inverse of wavelength: The distance between crests of waves, such as those of electromagnetic spectrum. Used only inside class axioms, as owl:onProperty of 1 owl:Restriction; never asserted as a direct triple.",Predicate,,,
http://www.projecthalo.com/aura#wetness,wetness,"The condition of containing or being covered by a liquid. Functional. Used only inside class axioms, as owl:onProperty of 3 owl:Restrictions; never asserted as a direct triple.",Predicate,,http://www.projecthalo.com/aura#Tangible-Entity,http://www.projecthalo.com/aura#Wetness-Value
http://www.projecthalo.com/aura#wetness-of,wetness of,"Inverse of wetness: The condition of containing or being covered by a liquid. Used only inside class axioms, as owl:onProperty of 1 owl:Restriction; never asserted as a direct triple.",Predicate,,,
http://www.projecthalo.com/aura#width,width,"Width is a property for describing how big the horizontal measurement taken at right angles to the length is. Functional. Used only inside class axioms, as owl:onProperty of 8 owl:Restrictions; never asserted as a direct triple.",Predicate,,http://www.projecthalo.com/aura#Spatial-Entity,http://www.projecthalo.com/aura#Length-Value
http://www.projecthalo.com/aura#worth,worth,"An indefinite quantity of something having a specified value. Functional. Used only inside class axioms, as owl:onProperty of 2 owl:Restrictions; never asserted as a direct triple.",Predicate,,http://www.projecthalo.com/aura#Entity,http://www.projecthalo.com/aura#Worth-Value
http://www.w3.org/2002/07/owl#Class,OWL class,"Every biology concept (about 6,300 named, plus about 21,000 aura:ID-N prototype-node markers and many anonymous class expressions) is an owl:Class. KB Bio 101 is an ontology: concepts are classes, not instances.",Class,,,
http://www.w3.org/2002/07/owl#Restriction,OWL restriction,"Anonymous class expression (about 81,600) that carries a concept's relation axioms: owl:onProperty names the aura relation and owl:someValuesFrom, owl:hasValue or owl:onClass plus a cardinality gives the filler.",Class,,,
http://www.w3.org/2002/07/owl#NamedIndividual,named individual,"The only individuals in the graph (634): qualitative constants such as colours, shapes and directions, and units of measurement, each typed with its *-Constant or UoM-* class.",Class,,,
http://www.w3.org/2002/07/owl#ObjectProperty,object property,Declared aura relation between concepts (353).,Class,,,
http://www.w3.org/2002/07/owl#DatatypeProperty,datatype property,"Declared aura property with literal values (5: atomic-symbol, called, node-id, the-cardinal-value, value).",Class,,,
http://www.w3.org/2002/07/owl#AnnotationProperty,annotation property,"Declared aura annotation property (5: concept2words, description, in-concept, prototype-node, user-description).",Class,,,
http://www.w3.org/2002/07/owl#FunctionalProperty,functional property,aura relation that takes at most one value (127).,Class,,,
http://www.w3.org/2002/07/owl#TransitiveProperty,transitive property,Transitive aura relation (17).,Class,,,
http://www.w3.org/2002/07/owl#Ontology,ontology,"The ontology header node, which carries the licence notice.",Class,,,
http://www.projecthalo.com/aura#Entity,Entity,"""Things that are"", such as Physical-Objects and Substances, as opposed to ""Things that happen"". 4 named direct subclasses.",Class,,,
http://www.projecthalo.com/aura#Event,Event,"""Things that happen"", such as Actions and States, as opposed to ""Things that are"". 11 named direct subclasses.",Class,,,
http://www.projecthalo.com/aura#Role,Role,"A Role is the name given to an Entity when it's participating in an Event. Examples include Barrier, Container, and Product, in which the Entity ""playing the role"" is participating in the Events of Block, Be-Contained, and Produce, respectively. 66 named direct subclasses.",Class,,,
http://www.projecthalo.com/aura#Property-Value,Property Value,77 named direct subclasses.,Class,,,
http://www.projecthalo.com/aura#Constant,Constant,"Parent of the *-Constant classes (Color-Constant, Shape-Constant, Direction-Constant, ...), whose named individuals are the qualitative values used in owl:hasValue restrictions. 102 named direct subclasses.",Class,,,
http://www.projecthalo.com/aura#Unit-of-Measurement,Unit of Measurement,"Parent of the UoM-* classes, whose named individuals are units of measurement. 35 named direct subclasses.",Class,,,
http://www.projecthalo.com/aura#Scale,Scale,53 named direct subclasses.,Class,,,
http://www.projecthalo.com/aura#Aggregate,Aggregate,Top level component for collections. 42 named direct subclasses.,Class,,,
http://www.projecthalo.com/aura#Intangible-Entity,Intangible Entity,An abstract Entity that does not exist as a physical thing. 4 named direct subclasses.,Class,,,
http://www.projecthalo.com/aura#Spatial-Entity,Spatial Entity,"An entity that has a location and can be related to other entities using slots like is-outside, is-above, and is-near. 2 named direct subclasses.",Class,,,
http://www.projecthalo.com/aura#Tangible-Entity,Tangible Entity,An Entity with physical extent. 19 named direct subclasses.,Class,,,
http://www.projecthalo.com/aura#Physical-Object,Physical Object,An object that physically exists. Many verbs require Physical-Objects as slot value. 12 named direct subclasses.,Class,,,
http://www.projecthalo.com/aura#Living-Entity,Living Entity,Any living organism. 9 named direct subclasses.,Class,,,
http://www.projecthalo.com/aura#Organic-Entity,Organic Entity,"Substances or objects which are parts of, related to, or derived from living organisms. 21 named direct subclasses.",Class,,,
http://www.projecthalo.com/aura#Chemical-Entity,Chemical Entity,A physical object that is the basic building blocks of Chemicals. 15 named direct subclasses.,Class,,,
http://www.projecthalo.com/aura#Action,Action,Things that cause change. 63 named direct subclasses.,Class,,,
http://www.projecthalo.com/aura#Activity,Activity,"A collection of related events, often to achieve a goal or produce a result, but less structured than a step-by-step process. 26 named direct subclasses.",Class,,,
http://www.projecthalo.com/aura#Biological-Process,Biological Process,Process related to living organisms. 26 named direct subclasses.,Class,,,
http://www.projecthalo.com/aura#Physical-Process,Physical Process,"Process which relates to the physical, non-living world. 17 named direct subclasses.",Class,,,
http://www.projecthalo.com/aura#State,State,"Being, having temporally unstable properties, being in temporally unstable relation with something, etc. 50 named direct subclasses.",Class,,,
http://www.projecthalo.com/aura#Node-ID-Marker-Concept,Node ID Marker Concept,"Parent of the roughly 21,000 aura:ID-N node-marker classes. OWL cannot express the graph structure of an AURA concept, so a prototype-graph node reached by more than one path is tagged with an ID class conjoined into every restriction filler that denotes it: two fillers carrying the same aura:ID-N are the same node. They are bookkeeping, not biology: exclude them with FILTER(!STRSTARTS(STR(?x), ""http://www.projecthalo.com/aura#ID-"")), or join on them to follow co-references.",Class,,,
http://www.projecthalo.com/aura#Metal-Atom,Metal Atom,"Metals are elements that are usually solids at room temperature, exhibit high electrical and heat conductivity, and appear lustrous. Most of the elements in the periodic table are metals. 90 named direct subclasses.",Class,,,
http://www.projecthalo.com/aura#Protein,Protein,"Proteins are macromolecules, consisting of polypeptide chains made from 20 different kinds of amino acids. Proteins serve many functions in organisms, including catalysis, defense, and transport. 44 named direct subclasses.",Class,,,
http://www.projecthalo.com/aura#Organic-Molecule,Organic Molecule,Molecules containing carbon and possessing carbon-hydrogen and carbon-carbon bonds. 39 named direct subclasses.,Class,,,
http://www.projecthalo.com/aura#Cellular-Structure,Cellular Structure,A structure on or inside a cell. 36 named direct subclasses.,Class,,,
http://www.projecthalo.com/aura#Animal-Cell,Animal Cell,A type of eukaryotic cell specific to animals. 34 named direct subclasses.,Class,,,
http://www.projecthalo.com/aura#Condition,Condition,27 named direct subclasses.,Class,,,
http://www.projecthalo.com/aura#Cellular-Process,Cellular Process,Any process occurring at the cellular level. 25 named direct subclasses.,Class,,,
http://www.projecthalo.com/aura#Region,Region,A Place with extent (not a point). 25 named direct subclasses.,Class,,,
http://www.projecthalo.com/aura#Anion,Anion,An anion is a negatively charged ion. 23 named direct subclasses.,Class,,,
http://www.projecthalo.com/aura#Polyatomic-Ion,Polyatomic Ion,Ion which consists of more than one atom. 22 named direct subclasses.,Class,,,
http://www.projecthalo.com/aura#Ecological-Process,Ecological Process,Any process that occurs at the level of ecosystems. 21 named direct subclasses.,Class,,,
http://www.projecthalo.com/aura#Technique,Technique,The procedure used to perform a particular task. 21 named direct subclasses.,Class,,,
http://www.projecthalo.com/aura#Animal-Process,Animal Process,A process unique to animals. 20 named direct subclasses.,Class,,,
http://www.projecthalo.com/aura#Molecular-Region,Molecular Region,Region of a molecule. 19 named direct subclasses.,Class,,,
http://www.projecthalo.com/aura#Protein-Complex,Protein Complex,A group of proteins whose arrangement is organized to perform a particular function. 19 named direct subclasses.,Class,,,
http://www.projecthalo.com/aura#Substance,Substance,"Substance may refer to:Chemical substance, a material with a definite chemical composition Matter, the substance of which all physical objects are made Substance theory, theory positing that a substance is distinct from its properties. 19 named direct subclasses.",Class,,,
http://www.projecthalo.com/aura#Chemical,Chemical,A Chemical is a substance described by chemical properties such as molecular composition and reactivity. 18 named direct subclasses.,Class,,,
http://www.projecthalo.com/aura#Eukaryotic-Cell,Eukaryotic Cell,"Eukaryotic cells contain complex structures enclosed within membranes. Almost all species of large organisms are eukaryotes, including animals, plants and fungi, although most species of eukaryotic protists are microorganisms.The defining membrane-bound structure that sets eukaryotic cells apart from prokaryotic cells is the nucleus. Eukaryotic cells are typically much larger than prokaryotes. 18 named direct subclasses.",Class,,,
http://www.projecthalo.com/aura#Molecule,Molecule,A molecule is a chemical combination of two or more atoms. 18 named direct subclasses.,Class,,,
http://www.projecthalo.com/aura#Non-Metal-Atom,Non Metal Atom,Nonmetals are elements in the upper right corner of the periodic table; nonmetals differ from metals in their physical and chemical properties. 18 named direct subclasses.,Class,,,
http://www.projecthalo.com/aura#Bacterium,Bacterium,Bacterium is a prokaryotic organism. 17 named direct subclasses.,Class,,,
http://www.projecthalo.com/aura#Anatomical-Structure,Anatomical Structure,Any structural feature of an organism. 16 named direct subclasses.,Class,,,
http://www.projecthalo.com/aura#Animal-Structure,Animal Structure,Structures which make up the body of animals. 16 named direct subclasses.,Class,,,
http://www.projecthalo.com/aura#Cation,Cation,An ion that carries a positive charge due to a shortage of electrons. 16 named direct subclasses.,Class,,,
http://www.projecthalo.com/aura#Cell-State,Cell State,"Cell states are specialized functions, properties, traits or abilities that cells have. 16 named direct subclasses.",Class,,,
http://www.projecthalo.com/aura#Developmental-Process,Developmental Process,A process related to the development of organisms. 16 named direct subclasses.,Class,,,
http://www.projecthalo.com/aura#Hormone,Hormone,"A chemical that is secreted by specialized cells within an organ, travels in the bloodstream, and acts on specific target cells in another part of the body or another part of the secreting organ. 16 named direct subclasses.",Class,,,
http://www.projecthalo.com/aura#Move,Move,"An object changes location. A move can be described in numerous ways, using a wide variety of spatial relationships. 16 named direct subclasses.",Class,,,
http://www.projecthalo.com/aura#Protein-Enzyme,Protein Enzyme,A protein that functions as an enzyme. 16 named direct subclasses.,Class,,,
http://www.projecthalo.com/aura#Regulation,Regulation,Regulation refers to the the control or maintenance of an entity or event. 16 named direct subclasses.,Class,,,
http://www.projecthalo.com/aura#Regulatory-Protein,Regulatory Protein,A protein that regulates activity within the cell. 16 named direct subclasses.,Class,,,
http://www.projecthalo.com/aura#Biological-Region,Biological Region,A region of a biological entity. 15 named direct subclasses.,Class,,,
http://www.projecthalo.com/aura#Evolutionary-Process,Evolutionary Process,A process related to biological evolution. 15 named direct subclasses.,Class,,,
http://www.projecthalo.com/aura#Liquid-Substance,Liquid Substance,A substance in the liquid state at room temperature. 15 named direct subclasses.,Class,,,
http://www.projecthalo.com/aura#Tissue,Tissue,A tissue is a group of cells derived from a common developmental origon which conduct a similar physiological role in an organism . 15 named direct subclasses.,Class,,,
http://www.projecthalo.com/aura#Angiosperm,Angiosperm,"The taxonomic grouping of flowering plants, which produce seeds inside a fleshy ovary, called a fruit. 14 named direct subclasses.",Class,,,
http://www.projecthalo.com/aura#Animal-Space,Animal Space,A space in animals which is surrounded by anatomical structures. 14 named direct subclasses.,Class,,,
http://www.projecthalo.com/aura#Cell-Division,Cell Division,A process by which the parent cell divides into two or more daughter cells. 14 named direct subclasses.,Class,,,
http://www.projecthalo.com/aura#Chemical-Reaction,Chemical Reaction,A chemical reaction is a process in which one or more chemical entities are converted into others. This differs from reaction in that energy can be used as a raw material or result. 14 named direct subclasses.,Class,,,
http://www.projecthalo.com/aura#Digestive-Process,Digestive Process,"A process which occurs during digestion, the second stage of food processing in animals. 14 named direct subclasses.",Class,,,
http://www.projecthalo.com/aura#Ecological-Role,Ecological Role,Roles specifically related to ecology and ecosystems. 14 named direct subclasses.,Class,,,
http://www.projecthalo.com/aura#Experiment,Experiment,"An act or operation undertaken in order to discover some unknown principle or effect, or to test, establish, or illustrate some suggest or known truth; practical test; proof. 14 named direct subclasses.",Class,,,
http://www.projecthalo.com/aura#Hydrolase,Hydrolase,Enzymes which catalyze the hydrolysis of various bonds. 14 named direct subclasses.,Class,,,
http://www.projecthalo.com/aura#Information,Information,Knowledge communicated or received concerning a particular fact or circumstance. RHCD:1st Revised: 684. 14 named direct subclasses.,Class,,,
http://www.projecthalo.com/aura#Macrophysiological-Process,Macrophysiological Process,A process that involves multiple types of cells and possibily organs. 14 named direct subclasses.,Class,,,
http://www.projecthalo.com/aura#Monoatomic-Ion,Monoatomic Ion,Ion which consists of a single atom. 14 named direct subclasses.,Class,,,
http://www.projecthalo.com/aura#Receptor-Protein,Receptor Protein,"Receptor proteins located in the cytoplasm, cell membrane, or nuclear membrane bind to another molecule leading to a change in cell behavior. 14 named direct subclasses.",Class,,,
http://www.projecthalo.com/aura#Synthesis-Of-Organic-Molecule,Synthesis Of Organic Molecule,The production of a carbon-containing molecule. 14 named direct subclasses.,Class,,,
http://www.projecthalo.com/aura#Animal-Organ,Animal Organ,A collection of tissues working together in a structural unit in an animal's body. 13 named direct subclasses.,Class,,,
http://www.projecthalo.com/aura#Disease,Disease,An abnormal condition that causes improper function in the body of an organism. 13 named direct subclasses.,Class,,,
http://www.projecthalo.com/aura#DNA-Sequence,DNA Sequence,DNA sequence is a sequence of DNA which performs a specific function based on the specific pattern of arrangement of its deoxyribonucleotide components along its length. 13 named direct subclasses.,Class,,,
http://www.projecthalo.com/aura#DNA,DNA,"The molecule that encodes genetic instructions for the development and function of living organisms. It takes the shape of a double-stranded helix, each strand consisting of a series of nucleotide monomers. The nucleotide monomers contain a deoxyribose sugar and one of four nitrogenous bases: adenine (A), guanine (G), cytosine (C), or thymine (T). 13 named direct subclasses.",Class,,,
http://www.projecthalo.com/aura#Gene,Gene,A specific length of a DNA or RNA molecule (in some viruses) that functions as a discrete unit of inheritence. 13 named direct subclasses.,Class,,,
http://www.projecthalo.com/aura#Intercellular-Process,Intercellular Process,A process that occurs between cells. 13 named direct subclasses.,Class,,,
http://www.projecthalo.com/aura#Intracellular-Process,Intracellular Process,A process that occurs within a living cell. 13 named direct subclasses.,Class,,,
http://www.projecthalo.com/aura#Light,Light,Light is a form of energy. 13 named direct subclasses.,Class,,,
http://www.projecthalo.com/aura#Organism,Organism,Organism is a living entity made up of cell(s). 13 named direct subclasses.,Class,,,
http://www.projecthalo.com/aura#Reproductive-Organ,Reproductive Organ,Organ which is part of the reproductive system of animals. 13 named direct subclasses.,Class,,,
http://www.projecthalo.com/aura#Solid-Substance,Solid Substance,A substance in the solid state at room temperature. 13 named direct subclasses.,Class,,,
http://www.projecthalo.com/aura#Architectural-Structure,Architectural Structure,"A stable, supported artifact. 12 named direct subclasses.",Class,,,
http://www.projecthalo.com/aura#Chemical-Signaling,Chemical Signaling,"The process of transmitting a message from one cell to another. Thethreestagesarereception,transduction,andresponse. 12 named direct subclasses.",Class,,,
http://www.projecthalo.com/aura#Connective-Tissue,Connective Tissue,"A type of animal tissue that supports, connects, or separates different tissues and organs of the body. 12 named direct subclasses.",Class,,,
http://www.projecthalo.com/aura#Create,Create,"Create something, i.e. cause it to come into existence. 12 named direct subclasses.",Class,,,
http://www.projecthalo.com/aura#Developmental-Stage,Developmental Stage,A particular stage in the development of an organism. 12 named direct subclasses.,Class,,,
http://www.projecthalo.com/aura#Drug,Drug,Drug is a chemical substance which is introduced into the body of an organism affects the processes of the mind or body. 12 named direct subclasses.,Class,,,
http://www.projecthalo.com/aura#Hypothesis,Hypothesis,"A tentative answer to a well-framed question, narrower in scope than a theory and subject to testing. 12 named direct subclasses.",Class,,,
http://www.projecthalo.com/aura#Immune-Response,Immune Response,Any process by which an organism recognizes and defends itself against microbial pathogens and substances that may be harmful. 12 named direct subclasses.,Class,,,
http://www.projecthalo.com/aura#Inorganic-Molecule,Inorganic Molecule,A molecule which does not contain carbon. 12 named direct subclasses.,Class,,,
http://www.projecthalo.com/aura#Insect,Insect,"One of a subset of primarily terrestrial arthropods characterized by three body segments (head, thorax, and abdomen) and wings for flight. 12 named direct subclasses.",Class,,,
http://www.projecthalo.com/aura#Meiotic-Event,Meiotic Event,Events of cellular division which include Meiosis I and Meiosis II. 12 named direct subclasses.,Class,,,
http://www.projecthalo.com/aura#Phenotype,Phenotype,The physical and physiological traits of an organism. 12 named direct subclasses.,Class,,,
http://www.projecthalo.com/aura#Plant-Structure,Plant Structure,The way a plant is constructed and the arrangement of its parts. 12 named direct subclasses.,Class,,,
http://www.projecthalo.com/aura#Plant-Transport,Plant Transport,Process related to the transport of water and nutrients in plants. 12 named direct subclasses.,Class,,,
http://www.projecthalo.com/aura#Protist,Protist,"Protists are a diverse group of eukaryotic microorganisms. They are either unicellular, or multicellular without specialized tissues. They differ from other Eukaryotes (Animal, Plant and Fungi) by having a comparatively simple cellular organization. 12 named direct subclasses.",Class,,,
http://www.projecthalo.com/aura#Scientific-Device,Scientific Device,Any item that is used to do research or make scientific observations. 12 named direct subclasses.,Class,,,
